Time,State,Voltage,Current,ActivePower,Energy
2024/7/10 22:23,training,235.6,0.614,114.88,3.91568505 3931342e-05
2024/7/10 22:23,training,235.6,0.614,114.88,3.61E-05
2024/7/10 22:23,training,235.6,0.614,114.88,3.73E-05
2024/7/10 22:23,training,235.6,0.614,114.88,3.70E-05
2024/7/10 22:23,training,235.6,0.614,114.88,3.72E-05
2024/7/10 22:23,training,235.6,0.614,114.88,3.88E-05
2024/7/10 22:23,training,235.6,0.614,114.88,3.76E-05
2024/7/10 22:23,training,235.6,0.614,114.88,3.78E-05
2024/7/10 22:23,training,235.6,0.614,114.88,3.96E-05
2024/7/10 22:23,training,235.6,0.614,114.88,3.57E-05
2024/7/10 22:23,training,235.8,0.594,109.38,3.71E-05
2024/7/10 22:23,training,235.8,0.594,109.38,3.52E-05
2024/7/10 22:23,training,235.8,0.594,109.38,3.57E-05
2024/7/10 22:23,training,235.8,0.594,109.38,3.67E-05
2024/7/10 22:23,training,235.8,0.594,109.38,3.51E-05
2024/7/10 22:23,training,235.8,0.594,109.38,3.60E-05
2024/7/10 22:23,training,235.8,0.594,109.38,3.44E-05
2024/7/10 22:23,training,235.8,0.594,109.38,3.84E-05
2024/7/10 22:23,training,235.8,0.594,109.38,3.64E-05
2024/7/10 22:23,training,235.8,0.594,109.38,3.50E-05
2024/7/10 22:23,training,235.8,0.594,109.38,3.52E-05
2024/7/10 22:23,training,235.8,0.594,109.38,3.78E-05
2024/7/10 22:23,training,235.8,0.594,109.38,3.43E-05
2024/7/10 22:23,training,235.8,0.594,109.38,3.69E-05
2024/7/10 22:23,training,235.8,0.594,109.38,3.40E-05
2024/7/10 22:23,training,235.8,0.594,109.38,3.66E-05
2024/7/10 22:23,training,235.8,0.594,109.38,3.63E-05
2024/7/10 22:23,training,235.8,0.594,109.38,3.43E-05
2024/7/10 22:23,training,235.8,0.594,109.38,3.72E-05
2024/7/10 22:23,training,235.8,0.594,109.38,3.83E-05
2024/7/10 22:23,training,235.8,0.594,109.38,3.64E-05
2024/7/10 22:23,training,235.8,0.594,109.38,3.72E-05
2024/7/10 22:23,training,235.8,0.594,109.38,3.61E-05
2024/7/10 22:23,training,235.8,0.594,109.38,3.59E-05
2024/7/10 22:23,training,235.8,0.594,109.38,3.63E-05
2024/7/10 22:23,training,235.8,0.594,109.38,3.66E-05
2024/7/10 22:23,training,235.8,0.594,109.38,3.67E-05
2024/7/10 22:23,training,235.8,0.594,109.38,3.54E-05
2024/7/10 22:23,training,235.8,0.594,109.38,3.43E-05
2024/7/10 22:23,training,235.8,0.594,109.38,3.39E-05
2024/7/10 22:23,training,235.8,0.594,109.38,3.56E-05
2024/7/10 22:23,training,235.8,0.594,109.38,3.66E-05
2024/7/10 22:23,training,235.8,0.594,109.38,3.72E-05
2024/7/10 22:23,training,235.8,0.594,109.38,3.40E-05
2024/7/10 22:23,training,235.8,0.594,109.38,3.48E-05
2024/7/10 22:23,training,235.8,0.594,109.38,3.53E-05
2024/7/10 22:24,training,235.8,0.594,109.38,3.56E-05
2024/7/10 22:24,training,235.8,0.594,109.38,3.71E-05
2024/7/10 22:24,training,235.8,0.594,109.38,3.61E-05
2024/7/10 22:24,training,235.8,0.594,109.38,3.72E-05
2024/7/10 22:24,training,235.8,0.594,109.38,4.76E-05
2024/7/10 22:24,training,235.8,0.594,109.38,3.65E-05
2024/7/10 22:24,training,235.8,0.594,109.38,3.77E-05
2024/7/10 22:24,training,235.8,0.594,109.38,3.62E-05
2024/7/10 22:24,training,235.8,0.594,109.38,3.38E-05
2024/7/10 22:24,training,235.8,0.594,109.38,3.64E-05
2024/7/10 22:24,training,235.8,0.594,109.38,3.60E-05
2024/7/10 22:24,training,235.8,0.594,109.38,3.78E-05
2024/7/10 22:24,training,235.8,0.594,109.38,3.59E-05
2024/7/10 22:24,training,235.8,0.594,109.38,3.60E-05
2024/7/10 22:24,training,235.8,0.594,109.38,3.39E-05
2024/7/10 22:24,training,235.7,0.597,110.25,3.70E-05
2024/7/10 22:24,training,235.7,0.597,110.25,3.69E-05
2024/7/10 22:24,training,235.7,0.597,110.25,3.65E-05
2024/7/10 22:24,training,235.7,0.597,110.25,3.62E-05
2024/7/10 22:24,training,235.7,0.597,110.25,3.63E-05
2024/7/10 22:24,training,235.7,0.597,110.25,3.62E-05
2024/7/10 22:24,training,235.7,0.597,110.25,3.55E-05
2024/7/10 22:24,training,235.7,0.597,110.25,3.49E-05
2024/7/10 22:24,training,235.7,0.597,110.25,3.81E-05
2024/7/10 22:24,training,235.7,0.597,110.25,3.46E-05
2024/7/10 22:24,training,235.7,0.597,110.25,3.56E-05
2024/7/10 22:24,training,235.7,0.597,110.25,3.80E-05
2024/7/10 22:24,training,235.7,0.597,110.25,3.51E-05
2024/7/10 22:24,training,235.7,0.597,110.25,3.60E-05
2024/7/10 22:24,training,235.7,0.597,110.25,3.44E-05
2024/7/10 22:24,training,235.7,0.597,110.25,3.49E-05
2024/7/10 22:24,training,235.7,0.597,110.25,3.59E-05
2024/7/10 22:24,training,235.7,0.597,110.25,3.49E-05
2024/7/10 22:24,training,235.7,0.597,110.25,3.56E-05
2024/7/10 22:24,training,235.7,0.597,110.25,3.75E-05
2024/7/10 22:24,training,235.7,0.597,110.25,3.70E-05
2024/7/10 22:24,training,235.7,0.597,110.25,3.66E-05
2024/7/10 22:24,training,235.7,0.597,110.25,3.70E-05
2024/7/10 22:24,training,235.7,0.597,110.25,3.73E-05
2024/7/10 22:24,training,235.7,0.597,110.25,3.71E-05
2024/7/10 22:24,training,235.7,0.597,110.25,3.80E-05
2024/7/10 22:24,training,235.7,0.597,110.25,3.45E-05
2024/7/10 22:24,training,235.7,0.597,110.25,3.52E-05
2024/7/10 22:24,training,235.7,0.597,110.25,3.52E-05
2024/7/10 22:24,training,235.7,0.597,110.25,3.65E-05
2024/7/10 22:24,training,235.7,0.597,110.25,3.42E-05
2024/7/10 22:24,training,235.7,0.597,110.25,3.63E-05
2024/7/10 22:24,training,235.7,0.597,110.25,3.50E-05
2024/7/10 22:24,training,235.7,0.597,110.25,3.48E-05
2024/7/10 22:24,training,235.7,0.597,110.25,4.12E-05
2024/7/10 22:24,training,235.7,0.597,110.25,3.65E-05
2024/7/10 22:25,training,235.7,0.597,110.25,4.57E-05
2024/7/10 22:25,training,235.7,0.597,110.25,3.47E-05
2024/7/10 22:25,training,235.7,0.597,110.25,3.53E-05
2024/7/10 22:25,training,235.7,0.597,110.25,3.57E-05
2024/7/10 22:25,training,235.7,0.597,110.25,3.68E-05
2024/7/10 22:25,training,235.7,0.597,110.25,3.50E-05
2024/7/10 22:25,training,235.7,0.597,110.25,3.57E-05
2024/7/10 22:25,training,235.7,0.597,110.25,3.75E-05
2024/7/10 22:25,training,235.7,0.597,110.25,4.81E-05
2024/7/10 22:25,training,235.7,0.597,110.25,3.62E-05
2024/7/10 22:25,training,235.7,0.597,110.25,3.63E-05
2024/7/10 22:25,training,235.7,0.597,110.25,3.84E-05
2024/7/10 22:25,training,235.7,0.597,110.25,3.73E-05
2024/7/10 22:25,training,235.7,0.597,110.25,3.78E-05
2024/7/10 22:25,training,235.7,0.597,110.25,3.73E-05
2024/7/10 22:25,training,234.6,0.649,124.61,4.06E-05
2024/7/10 22:25,training,234.6,0.649,124.61,4.14E-05
2024/7/10 22:25,training,234.6,0.649,124.61,4.14E-05
2024/7/10 22:25,training,234.6,0.649,124.61,4.21E-05
2024/7/10 22:25,training,234.6,0.649,124.61,4.22E-05
2024/7/10 22:25,training,234.6,0.649,124.61,4.19E-05
2024/7/10 22:25,training,234.6,0.649,124.61,4.23E-05
2024/7/10 22:25,training,234.6,0.649,124.61,4.20E-05
2024/7/10 22:25,training,234.6,0.649,124.61,4.17E-05
2024/7/10 22:25,training,234.6,0.649,124.61,4.16E-05
2024/7/10 22:25,training,234.6,0.649,124.61,4.20E-05
2024/7/10 22:25,training,234.6,0.649,124.61,4.16E-05
2024/7/10 22:25,training,234.6,0.649,124.61,3.89E-05
2024/7/10 22:25,training,234.6,0.649,124.61,4.24E-05
2024/7/10 22:25,training,234.6,0.649,124.61,3.90E-05
2024/7/10 22:25,training,234.6,0.649,124.61,3.90E-05
2024/7/10 22:25,training,234.6,0.649,124.61,4.11E-05
2024/7/10 22:25,training,234.6,0.649,124.61,3.98E-05
2024/7/10 22:25,training,234.6,0.649,124.61,4.03E-05
2024/7/10 22:25,training,234.6,0.649,124.61,4.22E-05
2024/7/10 22:25,training,234.6,0.649,124.61,3.93E-05
2024/7/10 22:25,training,234.6,0.649,124.61,3.89E-05
2024/7/10 22:25,training,234.6,0.649,124.61,3.93E-05
2024/7/10 22:25,training,234.6,0.649,124.61,4.05E-05
2024/7/10 22:25,training,234.6,0.649,124.61,4.07E-05
2024/7/10 22:25,training,234.6,0.649,124.61,3.88E-05
2024/7/10 22:25,training,234.6,0.649,124.61,4.11E-05
2024/7/10 22:25,training,234.6,0.649,124.61,4.24E-05
2024/7/10 22:25,training,234.6,0.649,124.61,4.08E-05
2024/7/10 22:25,training,234.6,0.649,124.61,4.04E-05
2024/7/10 22:25,training,234.6,0.649,124.61,3.87E-05
2024/7/10 22:25,training,234.6,0.649,124.61,3.92E-05
2024/7/10 22:25,training,234.6,0.649,124.61,3.86E-05
2024/7/10 22:25,training,234.6,0.649,124.61,3.86E-05
2024/7/10 22:25,training,234.6,0.649,124.61,4.13E-05
2024/7/10 22:26,training,234.6,0.649,124.61,4.63E-05
2024/7/10 22:26,training,234.6,0.649,124.61,4.06E-05
2024/7/10 22:26,training,234.6,0.649,124.61,4.02E-05
2024/7/10 22:26,training,234.6,0.649,124.61,4.34E-05
2024/7/10 22:26,training,234.6,0.649,124.61,4.04E-05
2024/7/10 22:26,training,234.6,0.649,124.61,3.95E-05
2024/7/10 22:26,training,234.6,0.649,124.61,4.02E-05
2024/7/10 22:26,training,234.6,0.649,124.61,3.92E-05
2024/7/10 22:26,training,234.6,0.649,124.61,4.08E-05
2024/7/10 22:26,training,234.6,0.649,124.61,3.91E-05
2024/7/10 22:26,training,234.6,0.649,124.61,3.82E-05
2024/7/10 22:26,training,234.6,0.649,124.61,4.03E-05
2024/7/10 22:26,training,234.6,0.649,124.61,3.86E-05
2024/7/10 22:26,training,234.6,0.649,124.61,3.82E-05
2024/7/10 22:26,training,234.6,0.649,124.61,3.95E-05
2024/7/10 22:26,training,234.6,0.649,124.61,3.91E-05
2024/7/10 22:26,training,235.4,0.653,125.8,4.17E-05
2024/7/10 22:26,training,235.4,0.653,125.8,4.08E-05
2024/7/10 22:26,training,235.4,0.653,125.8,5.04E-05
2024/7/10 22:26,training,235.4,0.653,125.8,4.47E-05
2024/7/10 22:26,training,235.4,0.653,125.8,3.95E-05
2024/7/10 22:26,training,235.4,0.653,125.8,3.94E-05
2024/7/10 22:26,training,235.4,0.653,125.8,4.90E-05
2024/7/10 22:26,training,235.4,0.653,125.8,4.36E-05
2024/7/10 22:26,training,235.4,0.653,125.8,4.43E-05
2024/7/10 22:26,training,235.4,0.653,125.8,4.06E-05
2024/7/10 22:26,training,235.4,0.653,125.8,4.32E-05
2024/7/10 22:26,training,235.4,0.653,125.8,3.96E-05
2024/7/10 22:26,training,235.4,0.653,125.8,4.08E-05
2024/7/10 22:26,training,235.4,0.653,125.8,4.09E-05
2024/7/10 22:26,training,235.4,0.653,125.8,4.31E-05
2024/7/10 22:26,training,235.4,0.653,125.8,4.24E-05
2024/7/10 22:26,training,235.4,0.653,125.8,4.14E-05
2024/7/10 22:26,training,235.4,0.653,125.8,4.13E-05
2024/7/10 22:26,training,235.4,0.653,125.8,4.16E-05
2024/7/10 22:26,training,235.4,0.653,125.8,4.04E-05
2024/7/10 22:26,training,235.4,0.653,125.8,3.94E-05
2024/7/10 22:26,training,235.4,0.653,125.8,4.19E-05
2024/7/10 22:26,training,235.4,0.653,125.8,4.31E-05
2024/7/10 22:26,training,235.4,0.653,125.8,4.24E-05
2024/7/10 22:26,training,235.4,0.653,125.8,4.01E-05
2024/7/10 22:26,training,235.4,0.653,125.8,3.92E-05
2024/7/10 22:26,training,235.4,0.653,125.8,4.27E-05
2024/7/10 22:26,training,235.4,0.653,125.8,4.17E-05
2024/7/10 22:26,training,235.4,0.653,125.8,4.31E-05
2024/7/10 22:26,training,235.4,0.653,125.8,4.16E-05
2024/7/10 22:26,training,235.4,0.653,125.8,4.29E-05
2024/7/10 22:26,training,235.4,0.653,125.8,4.24E-05
2024/7/10 22:26,training,235.4,0.653,125.8,4.48E-05
2024/7/10 22:26,training,235.4,0.653,125.8,4.32E-05
2024/7/10 22:27,training,235.4,0.653,125.8,4.31E-05
2024/7/10 22:27,training,235.4,0.653,125.8,4.32E-05
2024/7/10 22:27,training,235.4,0.653,125.8,4.24E-05
2024/7/10 22:27,training,235.4,0.653,125.8,4.08E-05
2024/7/10 22:27,training,235.4,0.653,125.8,4.29E-05
2024/7/10 22:27,training,235.4,0.653,125.8,4.22E-05
2024/7/10 22:27,training,235.4,0.653,125.8,4.30E-05
2024/7/10 22:27,training,235.4,0.653,125.8,4.27E-05
2024/7/10 22:27,training,235.4,0.653,125.8,4.31E-05
2024/7/10 22:27,training,235.4,0.653,125.8,4.28E-05
2024/7/10 22:27,training,235.4,0.653,125.8,4.22E-05
2024/7/10 22:27,training,235.4,0.653,125.8,4.28E-05
2024/7/10 22:27,training,235.4,0.653,125.8,6.74E-05
2024/7/10 22:27,training,235.4,0.653,125.8,5.86E-05
2024/7/10 22:27,training,235.4,0.653,125.8,4.11E-05
2024/7/10 22:27,training,235.4,0.653,125.8,3.99E-05
2024/7/10 22:27,training,235.3,0.65,125.15,4.17E-05
2024/7/10 22:27,training,235.3,0.65,125.15,4.16E-05
2024/7/10 22:27,training,235.3,0.65,125.15,5.69E-05
2024/7/10 22:27,training,235.3,0.65,125.15,4.33E-05
2024/7/10 22:27,training,235.3,0.65,125.15,4.77E-05
2024/7/10 22:27,training,235.3,0.65,125.15,4.17E-05
2024/7/10 22:27,training,235.3,0.65,125.15,4.16E-05
2024/7/10 22:27,training,235.3,0.65,125.15,4.20E-05
2024/7/10 22:27,training,235.3,0.65,125.15,4.00E-05
2024/7/10 22:27,training,235.3,0.65,125.15,4.03E-05
2024/7/10 22:27,training,235.3,0.65,125.15,4.14E-05
2024/7/10 22:27,training,235.3,0.65,125.15,4.25E-05
2024/7/10 22:27,training,235.3,0.65,125.15,4.23E-05
2024/7/10 22:27,training,235.3,0.65,125.15,4.05E-05
2024/7/10 22:27,training,235.3,0.65,125.15,3.98E-05
2024/7/10 22:27,training,235.3,0.65,125.15,4.28E-05
2024/7/10 22:27,training,235.3,0.65,125.15,4.26E-05
2024/7/10 22:27,training,235.3,0.65,125.15,4.13E-05
2024/7/10 22:27,training,235.3,0.65,125.15,4.16E-05
2024/7/10 22:27,training,235.3,0.65,125.15,4.16E-05
2024/7/10 22:27,training,235.3,0.65,125.15,4.24E-05
2024/7/10 22:27,training,235.3,0.65,125.15,4.17E-05
2024/7/10 22:27,training,235.3,0.65,125.15,4.15E-05
2024/7/10 22:27,training,235.3,0.65,125.15,3.90E-05
2024/7/10 22:27,training,235.3,0.65,125.15,3.96E-05
2024/7/10 22:27,training,235.3,0.65,125.15,5.45E-05
2024/7/10 22:27,training,235.3,0.65,125.15,4.09E-05
2024/7/10 22:27,training,235.3,0.65,125.15,4.12E-05
2024/7/10 22:27,training,235.3,0.65,125.15,4.06E-05
2024/7/10 22:27,training,235.3,0.65,125.15,4.01E-05
2024/7/10 22:27,training,235.3,0.65,125.15,3.96E-05
2024/7/10 22:27,training,235.3,0.65,125.15,4.16E-05
2024/7/10 22:27,training,235.3,0.65,125.15,3.96E-05
2024/7/10 22:28,training,235.3,0.65,125.15,3.94E-05
2024/7/10 22:28,training,235.3,0.65,125.15,4.24E-05
2024/7/10 22:28,training,235.3,0.65,125.15,4.07E-05
2024/7/10 22:28,training,235.3,0.65,125.15,4.18E-05
2024/7/10 22:28,training,235.3,0.65,125.15,4.17E-05
2024/7/10 22:28,training,235.3,0.65,125.15,3.99E-05
2024/7/10 22:28,training,235.3,0.65,125.15,4.22E-05
2024/7/10 22:28,training,235.3,0.65,125.15,4.25E-05
2024/7/10 22:28,training,235.3,0.65,125.15,4.16E-05
2024/7/10 22:28,training,235.3,0.65,125.15,4.30E-05
2024/7/10 22:28,training,235.3,0.65,125.15,4.07E-05
2024/7/10 22:28,training,235.3,0.65,125.15,4.22E-05
2024/7/10 22:28,training,235.3,0.65,125.15,3.98E-05
2024/7/10 22:28,training,235.3,0.65,125.15,4.17E-05
2024/7/10 22:28,training,235.3,0.65,125.15,4.10E-05
2024/7/10 22:28,training,235.3,0.65,125.15,3.97E-05
2024/7/10 22:28,training,235.3,0.65,125.15,4.11E-05
2024/7/10 22:28,training,234.5,0.652,125.36,4.07E-05
2024/7/10 22:28,training,234.5,0.652,125.36,4.16E-05
2024/7/10 22:28,training,234.5,0.652,125.36,3.92E-05
2024/7/10 22:28,training,234.5,0.652,125.36,4.08E-05
2024/7/10 22:28,training,234.5,0.652,125.36,4.03E-05
2024/7/10 22:28,training,234.5,0.652,125.36,4.07E-05
2024/7/10 22:28,training,234.5,0.652,125.36,4.17E-05
2024/7/10 22:28,training,234.5,0.652,125.36,5.40E-05
2024/7/10 22:28,training,234.5,0.652,125.36,4.17E-05
2024/7/10 22:28,training,234.5,0.652,125.36,5.48E-05
2024/7/10 22:28,training,234.5,0.652,125.36,4.21E-05
2024/7/10 22:28,training,234.5,0.652,125.36,4.26E-05
2024/7/10 22:28,training,234.5,0.652,125.36,4.25E-05
2024/7/10 22:28,training,234.5,0.652,125.36,4.33E-05
2024/7/10 22:28,training,234.5,0.652,125.36,3.94E-05
2024/7/10 22:28,training,234.5,0.652,125.36,4.15E-05
2024/7/10 22:28,training,234.5,0.652,125.36,4.15E-05
2024/7/10 22:28,training,234.5,0.652,125.36,4.23E-05
2024/7/10 22:28,training,234.5,0.652,125.36,3.99E-05
2024/7/10 22:28,training,234.5,0.652,125.36,4.15E-05
2024/7/10 22:28,training,234.5,0.652,125.36,3.96E-05
2024/7/10 22:28,training,234.5,0.652,125.36,4.23E-05
2024/7/10 22:28,training,234.5,0.652,125.36,3.95E-05
2024/7/10 22:28,training,234.5,0.652,125.36,4.13E-05
2024/7/10 22:28,training,234.5,0.652,125.36,4.46E-05
2024/7/10 22:28,training,234.5,0.652,125.36,4.07E-05
2024/7/10 22:28,training,234.5,0.652,125.36,4.14E-05
2024/7/10 22:28,training,234.5,0.652,125.36,3.99E-05
2024/7/10 22:28,training,234.5,0.652,125.36,3.90E-05
2024/7/10 22:28,training,234.5,0.652,125.36,4.18E-05
2024/7/10 22:28,training,234.5,0.652,125.36,4.37E-05
2024/7/10 22:28,training,234.5,0.652,125.36,4.54E-05
2024/7/10 22:29,training,234.5,0.652,125.36,4.27E-05
2024/7/10 22:29,training,234.5,0.652,125.36,4.18E-05
2024/7/10 22:29,training,234.5,0.652,125.36,4.26E-05
2024/7/10 22:29,training,234.5,0.652,125.36,4.29E-05
2024/7/10 22:29,training,234.5,0.652,125.36,4.16E-05
2024/7/10 22:29,training,234.5,0.652,125.36,4.20E-05
2024/7/10 22:29,training,234.5,0.652,125.36,4.17E-05
2024/7/10 22:29,training,234.5,0.652,125.36,3.91E-05
2024/7/10 22:29,training,234.5,0.652,125.36,4.20E-05
2024/7/10 22:29,training,234.5,0.652,125.36,4.17E-05
2024/7/10 22:29,training,234.5,0.652,125.36,4.18E-05
2024/7/10 22:29,training,234.5,0.652,125.36,4.22E-05
2024/7/10 22:29,training,234.5,0.652,125.36,3.96E-05
2024/7/10 22:29,training,234.5,0.652,125.36,5.46E-05
2024/7/10 22:29,training,234.5,0.652,125.36,5.51E-05
2024/7/10 22:29,training,234.5,0.652,125.36,4.27E-05
2024/7/10 22:29,training,234.5,0.652,125.36,4.26E-05
2024/7/10 22:29,training,234.5,0.652,125.36,4.17E-05
2024/7/10 22:29,training,235.3,0.65,124.94,4.41E-05
2024/7/10 22:29,training,235.3,0.65,124.94,4.14E-05
2024/7/10 22:29,training,235.3,0.65,124.94,4.25E-05
2024/7/10 22:29,training,235.3,0.65,124.94,4.19E-05
2024/7/10 22:29,training,235.3,0.65,124.94,4.19E-05
2024/7/10 22:29,training,235.3,0.65,124.94,4.03E-05
2024/7/10 22:29,training,235.3,0.65,124.94,4.23E-05
2024/7/10 22:29,training,235.3,0.65,124.94,3.98E-05
2024/7/10 22:29,training,235.3,0.65,124.94,4.01E-05
2024/7/10 22:29,training,235.3,0.65,124.94,4.09E-05
2024/7/10 22:29,training,235.3,0.65,124.94,4.07E-05
2024/7/10 22:29,training,235.3,0.65,124.94,4.20E-05
2024/7/10 22:29,training,235.3,0.65,124.94,3.87E-05
2024/7/10 22:29,training,235.3,0.65,124.94,4.20E-05
2024/7/10 22:29,training,235.3,0.65,124.94,4.20E-05
2024/7/10 22:29,training,235.3,0.65,124.94,4.15E-05
2024/7/10 22:29,training,235.3,0.65,124.94,4.19E-05
2024/7/10 22:29,training,235.3,0.65,124.94,4.16E-05
2024/7/10 22:29,training,235.3,0.65,124.94,4.20E-05
2024/7/10 22:29,training,235.3,0.65,124.94,4.10E-05
2024/7/10 22:29,training,235.3,0.65,124.94,4.12E-05
2024/7/10 22:29,training,235.3,0.65,124.94,4.17E-05
2024/7/10 22:29,training,235.3,0.65,124.94,3.96E-05
2024/7/10 22:29,training,235.3,0.65,124.94,3.98E-05
2024/7/10 22:29,training,235.3,0.65,124.94,3.91E-05
2024/7/10 22:29,training,235.3,0.65,124.94,4.17E-05
2024/7/10 22:29,training,235.3,0.65,124.94,3.92E-05
2024/7/10 22:29,training,235.3,0.65,124.94,4.09E-05
2024/7/10 22:29,training,235.3,0.65,124.94,4.08E-05
2024/7/10 22:29,training,235.3,0.65,124.94,4.00E-05
2024/7/10 22:29,training,235.3,0.65,124.94,4.02E-05
2024/7/10 22:29,training,235.3,0.65,124.94,4.08E-05
2024/7/10 22:30,training,235.3,0.65,124.94,4.08E-05
2024/7/10 22:30,training,235.3,0.65,124.94,4.28E-05
2024/7/10 22:30,training,235.3,0.65,124.94,7.60E-05
2024/7/10 22:30,training,235.3,0.65,124.94,4.06E-05
2024/7/10 22:30,training,235.3,0.65,124.94,4.27E-05
2024/7/10 22:30,training,235.3,0.65,124.94,4.19E-05
2024/7/10 22:30,training,235.3,0.65,124.94,3.92E-05
2024/7/10 22:30,training,235.3,0.65,124.94,3.98E-05
2024/7/10 22:30,training,235.3,0.65,124.94,3.97E-05
2024/7/10 22:30,training,235.3,0.65,124.94,4.16E-05
2024/7/10 22:30,training,235.3,0.65,124.94,4.20E-05
2024/7/10 22:30,training,235.3,0.65,124.94,4.13E-05
2024/7/10 22:30,training,235.3,0.65,124.94,3.94E-05
2024/7/10 22:30,training,235.3,0.65,124.94,3.95E-05
2024/7/10 22:30,training,235.3,0.65,124.94,3.97E-05
2024/7/10 22:30,training,235.3,0.65,124.94,4.12E-05
2024/7/10 22:30,training,235.3,0.65,124.94,4.08E-05
2024/7/10 22:30,training,235.3,0.65,124.94,4.04E-05
2024/7/10 22:30,training,235.3,0.65,124.94,3.96E-05
2024/7/10 22:30,training,234.7,0.602,111.04,3.62E-05
2024/7/10 22:30,training,234.7,0.602,111.04,3.70E-05
2024/7/10 22:30,training,234.7,0.602,111.04,3.79E-05
2024/7/10 22:30,training,234.7,0.602,111.04,4.00E-05
2024/7/10 22:30,training,234.7,0.602,111.04,3.60E-05
2024/7/10 22:30,training,234.7,0.602,111.04,3.66E-05
2024/7/10 22:30,training,234.7,0.602,111.04,3.42E-05
2024/7/10 22:30,training,234.7,0.602,111.04,3.68E-05
2024/7/10 22:30,training,234.7,0.602,111.04,3.62E-05
2024/7/10 22:30,training,234.7,0.602,111.04,3.56E-05
2024/7/10 22:30,training,234.7,0.602,111.04,3.44E-05
2024/7/10 22:30,training,234.7,0.602,111.04,3.42E-05
2024/7/10 22:30,training,234.7,0.602,111.04,3.44E-05
2024/7/10 22:30,training,234.7,0.602,111.04,3.74E-05
2024/7/10 22:30,training,234.7,0.602,111.04,3.70E-05
2024/7/10 22:30,training,234.7,0.602,111.04,3.72E-05
2024/7/10 22:30,training,234.7,0.602,111.04,3.64E-05
2024/7/10 22:30,training,234.7,0.602,111.04,5.19E-05
2024/7/10 22:30,training,234.7,0.602,111.04,3.60E-05
2024/7/10 22:30,training,234.7,0.602,111.04,3.52E-05
2024/7/10 22:30,training,234.7,0.602,111.04,3.57E-05
2024/7/10 22:30,training,234.7,0.602,111.04,3.78E-05
2024/7/10 22:30,training,234.7,0.602,111.04,3.75E-05
2024/7/10 22:30,training,234.7,0.602,111.04,4.60E-05
2024/7/10 22:30,training,234.7,0.602,111.04,3.56E-05
2024/7/10 22:30,training,234.7,0.602,111.04,3.50E-05
2024/7/10 22:30,training,234.7,0.602,111.04,3.48E-05
2024/7/10 22:30,training,234.7,0.602,111.04,3.51E-05
2024/7/10 22:30,training,234.7,0.602,111.04,3.47E-05
2024/7/10 22:30,training,234.7,0.602,111.04,3.60E-05
2024/7/10 22:30,training,234.7,0.602,111.04,3.57E-05
2024/7/10 22:31,training,234.7,0.602,111.04,3.53E-05
2024/7/10 22:31,training,234.7,0.602,111.04,3.72E-05
2024/7/10 22:31,training,234.7,0.602,111.04,3.93E-05
2024/7/10 22:31,training,234.7,0.602,111.04,3.75E-05
2024/7/10 22:31,training,234.7,0.602,111.04,3.44E-05
2024/7/10 22:31,training,234.7,0.602,111.04,3.59E-05
2024/7/10 22:31,training,234.7,0.602,111.04,3.88E-05
2024/7/10 22:31,training,234.7,0.602,111.04,3.59E-05
2024/7/10 22:31,training,234.7,0.602,111.04,3.48E-05
2024/7/10 22:31,training,234.7,0.602,111.04,3.57E-05
2024/7/10 22:31,training,234.7,0.602,111.04,3.60E-05
2024/7/10 22:31,training,234.7,0.602,111.04,3.53E-05
2024/7/10 22:31,training,234.7,0.602,111.04,3.42E-05
2024/7/10 22:31,training,234.7,0.602,111.04,3.38E-05
2024/7/10 22:31,training,234.7,0.602,111.04,3.64E-05
2024/7/10 22:31,training,234.7,0.602,111.04,3.45E-05
2024/7/10 22:31,training,234.7,0.602,111.04,3.41E-05
2024/7/10 22:31,training,234.7,0.602,111.04,3.66E-05
2024/7/10 22:31,training,234.7,0.602,111.04,3.60E-05
2024/7/10 22:31,training,234.7,0.602,111.04,3.42E-05
2024/7/10 22:31,training,234.9,0.648,124.36,4.01E-05
2024/7/10 22:31,training,234.9,0.648,124.36,3.90E-05
2024/7/10 22:31,training,234.9,0.648,124.36,3.98E-05
2024/7/10 22:31,training,234.9,0.648,124.36,5.52E-05
2024/7/10 22:31,training,234.9,0.648,124.36,5.72E-05
2024/7/10 22:31,training,234.9,0.648,124.36,4.13E-05
2024/7/10 22:31,training,234.9,0.648,124.36,3.96E-05
2024/7/10 22:31,training,234.9,0.648,124.36,4.08E-05
2024/7/10 22:31,training,234.9,0.648,124.36,4.26E-05
2024/7/10 22:31,training,234.9,0.648,124.36,4.07E-05
2024/7/10 22:31,training,234.9,0.648,124.36,3.92E-05
2024/7/10 22:31,training,234.9,0.648,124.36,3.84E-05
2024/7/10 22:31,training,234.9,0.648,124.36,3.90E-05
2024/7/10 22:31,training,234.9,0.648,124.36,4.06E-05
2024/7/10 22:31,training,234.9,0.648,124.36,4.06E-05
2024/7/10 22:31,training,234.9,0.648,124.36,4.09E-05
2024/7/10 22:31,training,234.9,0.648,124.36,3.94E-05
2024/7/10 22:31,training,234.9,0.648,124.36,4.10E-05
2024/7/10 22:31,training,234.9,0.648,124.36,4.27E-05
2024/7/10 22:31,training,234.9,0.648,124.36,4.05E-05
2024/7/10 22:31,training,234.9,0.648,124.36,4.00E-05
2024/7/10 22:31,training,234.9,0.648,124.36,3.85E-05
2024/7/10 22:31,training,234.9,0.648,124.36,4.52E-05
2024/7/10 22:31,training,234.9,0.648,124.36,3.84E-05
2024/7/10 22:31,training,234.9,0.648,124.36,4.17E-05
2024/7/10 22:31,training,234.9,0.648,124.36,4.22E-05
2024/7/10 22:31,training,234.9,0.648,124.36,4.16E-05
2024/7/10 22:31,training,234.9,0.648,124.36,4.10E-05
2024/7/10 22:31,training,234.9,0.648,124.36,4.05E-05
2024/7/10 22:31,training,234.9,0.648,124.36,4.21E-05
2024/7/10 22:31,training,234.9,0.648,124.36,3.91E-05
2024/7/10 22:32,training,234.9,0.648,124.36,4.20E-05
2024/7/10 22:32,training,234.9,0.648,124.36,4.14E-05
2024/7/10 22:32,training,234.9,0.648,124.36,4.09E-05
2024/7/10 22:32,training,234.9,0.648,124.36,4.26E-05
2024/7/10 22:32,training,234.9,0.648,124.36,3.92E-05
2024/7/10 22:32,training,234.9,0.648,124.36,4.19E-05
2024/7/10 22:32,training,234.9,0.648,124.36,4.13E-05
2024/7/10 22:32,training,234.9,0.648,124.36,3.90E-05
2024/7/10 22:32,training,234.9,0.648,124.36,3.96E-05
2024/7/10 22:32,training,234.9,0.648,124.36,3.97E-05
2024/7/10 22:32,training,234.9,0.648,124.36,3.98E-05
2024/7/10 22:32,training,234.9,0.648,124.36,3.83E-05
2024/7/10 22:32,training,234.9,0.648,124.36,3.88E-05
2024/7/10 22:32,training,234.9,0.648,124.36,4.04E-05
2024/7/10 22:32,training,234.9,0.648,124.36,4.19E-05
2024/7/10 22:32,training,234.9,0.648,124.36,4.20E-05
2024/7/10 22:32,training,234.9,0.648,124.36,4.07E-05
2024/7/10 22:32,training,234.9,0.648,124.36,4.21E-05
2024/7/10 22:32,training,234.9,0.648,124.36,4.08E-05
2024/7/10 22:32,training,234.9,0.648,124.36,5.37E-05
2024/7/10 22:32,training,235,0.603,112.08,4.74E-05
2024/7/10 22:32,training,235,0.603,112.08,3.52E-05
2024/7/10 22:32,training,235,0.603,112.08,3.83E-05
2024/7/10 22:32,training,235,0.603,112.08,3.76E-05
2024/7/10 22:32,training,235,0.603,112.08,3.76E-05
2024/7/10 22:32,training,235,0.603,112.08,3.75E-05
2024/7/10 22:32,training,235,0.603,112.08,3.79E-05
2024/7/10 22:32,training,235,0.603,112.08,3.69E-05
2024/7/10 22:32,training,235,0.603,112.08,3.79E-05
2024/7/10 22:32,training,235,0.603,112.08,3.73E-05
2024/7/10 22:32,training,235,0.603,112.08,3.74E-05
2024/7/10 22:32,training,235,0.603,112.08,4.07E-05
2024/7/10 22:32,training,235,0.603,112.08,3.72E-05
2024/7/10 22:32,training,235,0.603,112.08,4.05E-05
2024/7/10 22:32,training,235,0.603,112.08,3.69E-05
2024/7/10 22:32,training,235,0.603,112.08,3.98E-05
2024/7/10 22:32,training,235,0.603,112.08,3.76E-05
2024/7/10 22:32,training,235,0.603,112.08,4.90E-05
2024/7/10 22:32,training,235,0.603,112.08,3.83E-05
2024/7/10 22:32,training,235,0.603,112.08,3.63E-05
2024/7/10 22:32,training,235,0.603,112.08,3.75E-05
2024/7/10 22:32,training,235,0.603,112.08,3.80E-05
2024/7/10 22:32,training,235,0.603,112.08,3.67E-05
2024/7/10 22:32,training,235,0.603,112.08,3.72E-05
2024/7/10 22:32,training,235,0.603,112.08,3.65E-05
2024/7/10 22:32,training,235,0.603,112.08,3.61E-05
2024/7/10 22:32,training,235,0.603,112.08,3.83E-05
2024/7/10 22:32,training,235,0.603,112.08,3.76E-05
2024/7/10 22:32,training,235,0.603,112.08,3.78E-05
2024/7/10 22:33,training,235,0.603,112.08,3.71E-05
2024/7/10 22:33,training,235,0.603,112.08,3.70E-05
2024/7/10 22:33,training,235,0.603,112.08,3.97E-05
2024/7/10 22:33,training,235,0.603,112.08,3.72E-05
2024/7/10 22:33,training,235,0.603,112.08,4.03E-05
2024/7/10 22:33,training,235,0.603,112.08,3.71E-05
2024/7/10 22:33,training,235,0.603,112.08,3.74E-05
2024/7/10 22:33,training,235,0.603,112.08,3.76E-05
2024/7/10 22:33,training,235,0.603,112.08,3.72E-05
2024/7/10 22:33,training,235,0.603,112.08,3.69E-05
2024/7/10 22:33,training,235,0.603,112.08,3.74E-05
2024/7/10 22:33,training,235,0.603,112.08,4.64E-05
2024/7/10 22:33,training,235,0.603,112.08,3.73E-05
2024/7/10 22:33,training,235,0.603,112.08,3.79E-05
2024/7/10 22:33,training,235,0.603,112.08,3.79E-05
2024/7/10 22:33,training,235,0.603,112.08,3.70E-05
2024/7/10 22:33,training,235,0.603,112.08,3.56E-05
2024/7/10 22:33,training,235,0.603,112.08,3.61E-05
2024/7/10 22:33,training,235,0.603,112.08,3.78E-05
2024/7/10 22:33,training,235,0.603,112.08,4.10E-05
2024/7/10 22:33,training,235,0.603,112.08,3.54E-05
2024/7/10 22:33,training,235.2,0.601,111.23,3.59E-05
2024/7/10 22:33,training,235.2,0.601,111.23,3.71E-05
2024/7/10 22:33,training,235.2,0.601,111.23,3.66E-05
2024/7/10 22:33,training,235.2,0.601,111.23,3.51E-05
2024/7/10 22:33,training,235.2,0.601,111.23,3.70E-05
2024/7/10 22:33,training,235.2,0.601,111.23,3.81E-05
2024/7/10 22:33,training,235.2,0.601,111.23,3.66E-05
2024/7/10 22:33,training,235.2,0.601,111.23,3.76E-05
2024/7/10 22:33,training,235.2,0.601,111.23,3.65E-05
2024/7/10 22:33,training,235.2,0.601,111.23,3.49E-05
2024/7/10 22:33,training,235.2,0.601,111.23,3.58E-05
2024/7/10 22:33,training,235.2,0.601,111.23,3.49E-05
2024/7/10 22:33,training,235.2,0.601,111.23,3.64E-05
2024/7/10 22:33,training,235.2,0.601,111.23,3.66E-05
2024/7/10 22:33,training,235.2,0.601,111.23,3.62E-05
2024/7/10 22:33,training,235.2,0.601,111.23,3.53E-05
2024/7/10 22:33,training,235.2,0.601,111.23,3.62E-05
2024/7/10 22:33,training,235.2,0.601,111.23,3.56E-05
2024/7/10 22:33,training,235.2,0.601,111.23,3.75E-05
2024/7/10 22:33,training,235.2,0.601,111.23,3.60E-05
2024/7/10 22:33,training,235.2,0.601,111.23,3.79E-05
2024/7/10 22:33,training,235.2,0.601,111.23,3.62E-05
2024/7/10 22:33,training,235.2,0.601,111.23,3.57E-05
2024/7/10 22:33,training,235.2,0.601,111.23,3.61E-05
2024/7/10 22:33,training,235.2,0.601,111.23,3.64E-05
2024/7/10 22:33,training,235.2,0.601,111.23,3.76E-05
2024/7/10 22:33,training,235.2,0.601,111.23,3.74E-05
2024/7/10 22:33,training,235.2,0.601,111.23,3.69E-05
2024/7/10 22:33,training,235.2,0.601,111.23,3.69E-05
2024/7/10 22:34,training,235.2,0.601,111.23,3.97E-05
2024/7/10 22:34,training,235.2,0.601,111.23,3.55E-05
2024/7/10 22:34,training,235.2,0.601,111.23,3.63E-05
2024/7/10 22:34,training,235.2,0.601,111.23,3.75E-05
2024/7/10 22:34,training,235.2,0.601,111.23,3.72E-05
2024/7/10 22:34,training,235.2,0.601,111.23,3.70E-05
2024/7/10 22:34,training,235.2,0.601,111.23,3.82E-05
2024/7/10 22:34,training,235.2,0.601,111.23,3.64E-05
2024/7/10 22:34,training,235.2,0.601,111.23,3.70E-05
2024/7/10 22:34,training,235.2,0.601,111.23,3.59E-05
2024/7/10 22:34,training,235.2,0.601,111.23,3.54E-05
2024/7/10 22:34,training,235.2,0.601,111.23,3.72E-05
2024/7/10 22:34,training,235.2,0.601,111.23,3.66E-05
2024/7/10 22:34,training,235.2,0.601,111.23,4.88E-05
2024/7/10 22:34,training,235.2,0.601,111.23,3.69E-05
2024/7/10 22:34,training,235.2,0.601,111.23,3.66E-05
2024/7/10 22:34,training,235.2,0.601,111.23,3.59E-05
2024/7/10 22:34,training,235.2,0.601,111.23,3.63E-05
2024/7/10 22:34,training,235.2,0.601,111.23,3.50E-05
2024/7/10 22:34,training,235.2,0.601,111.23,3.50E-05
2024/7/10 22:34,training,235.2,0.601,111.23,3.44E-05
2024/7/10 22:34,training,235.2,0.601,111.23,3.72E-05
2024/7/10 22:34,training,235,0.603,112.04,3.46E-05
2024/7/10 22:34,training,235,0.603,112.04,3.61E-05
2024/7/10 22:34,training,235,0.603,112.04,3.53E-05
2024/7/10 22:34,training,235,0.603,112.04,3.48E-05
2024/7/10 22:34,training,235,0.603,112.04,3.54E-05
2024/7/10 22:34,training,235,0.603,112.04,3.74E-05
2024/7/10 22:34,training,235,0.603,112.04,3.62E-05
2024/7/10 22:34,training,235,0.603,112.04,3.44E-05
2024/7/10 22:34,training,235,0.603,112.04,3.49E-05
2024/7/10 22:34,training,235,0.603,112.04,3.43E-05
2024/7/10 22:34,training,235,0.603,112.04,3.44E-05
2024/7/10 22:34,training,235,0.603,112.04,3.46E-05
2024/7/10 22:34,training,235,0.603,112.04,3.73E-05
2024/7/10 22:34,training,235,0.603,112.04,3.65E-05
2024/7/10 22:34,training,235,0.603,112.04,3.77E-05
2024/7/10 22:34,training,235,0.603,112.04,3.57E-05
2024/7/10 22:34,training,235,0.603,112.04,3.58E-05
2024/7/10 22:34,training,235,0.603,112.04,3.88E-05
2024/7/10 22:34,training,235,0.603,112.04,3.58E-05
2024/7/10 22:34,training,235,0.603,112.04,3.60E-05
2024/7/10 22:34,training,235,0.603,112.04,3.50E-05
2024/7/10 22:34,training,235,0.603,112.04,3.65E-05
2024/7/10 22:34,training,235,0.603,112.04,3.57E-05
2024/7/10 22:34,training,235,0.603,112.04,3.45E-05
2024/7/10 22:34,training,235,0.603,112.04,3.57E-05
2024/7/10 22:34,training,235,0.603,112.04,3.47E-05
2024/7/10 22:34,training,235,0.603,112.04,3.50E-05
2024/7/10 22:34,training,235,0.603,112.04,3.58E-05
2024/7/10 22:34,training,235,0.603,112.04,3.63E-05
2024/7/10 22:35,training,235,0.603,112.04,3.58E-05
2024/7/10 22:35,training,235,0.603,112.04,3.50E-05
2024/7/10 22:35,training,235,0.603,112.04,3.60E-05
2024/7/10 22:35,training,235,0.603,112.04,3.46E-05
2024/7/10 22:35,training,235,0.603,112.04,3.78E-05
2024/7/10 22:35,training,235,0.603,112.04,3.56E-05
2024/7/10 22:35,training,235,0.603,112.04,3.65E-05
2024/7/10 22:35,training,235,0.603,112.04,3.62E-05
2024/7/10 22:35,training,235,0.603,112.04,3.72E-05
2024/7/10 22:35,training,235,0.603,112.04,3.71E-05
2024/7/10 22:35,training,235,0.603,112.04,3.56E-05
2024/7/10 22:35,training,235,0.603,112.04,3.59E-05
2024/7/10 22:35,training,235,0.603,112.04,3.76E-05
2024/7/10 22:35,training,235,0.603,112.04,3.60E-05
2024/7/10 22:35,training,235,0.603,112.04,3.49E-05
2024/7/10 22:35,training,235,0.603,112.04,3.61E-05
2024/7/10 22:35,training,235,0.603,112.04,3.66E-05
2024/7/10 22:35,training,235,0.603,112.04,3.74E-05
2024/7/10 22:35,training,235,0.603,112.04,3.67E-05
2024/7/10 22:35,training,235,0.603,112.04,3.59E-05
2024/7/10 22:35,training,235,0.603,112.04,3.58E-05
2024/7/10 22:35,training,235,0.603,112.04,3.47E-05
2024/7/10 22:35,training,235,0.603,112.04,3.44E-05
2024/7/10 22:35,training,235,0.603,112.04,3.57E-05
2024/7/10 22:35,training,234.6,0.599,110.64,3.58E-05
2024/7/10 22:35,training,234.6,0.599,110.64,3.55E-05
2024/7/10 22:35,training,234.6,0.599,110.64,3.55E-05
2024/7/10 22:35,training,234.6,0.599,110.64,3.54E-05
2024/7/10 22:35,training,234.6,0.599,110.64,3.72E-05
2024/7/10 22:35,training,234.6,0.599,110.64,3.40E-05
2024/7/10 22:35,training,234.6,0.599,110.64,3.49E-05
2024/7/10 22:35,training,234.6,0.599,110.64,3.49E-05
2024/7/10 22:35,training,234.6,0.599,110.64,3.45E-05
2024/7/10 22:35,training,234.6,0.599,110.64,3.71E-05
2024/7/10 22:35,training,234.6,0.599,110.64,3.77E-05
2024/7/10 22:35,training,234.6,0.599,110.64,3.76E-05
2024/7/10 22:35,training,234.6,0.599,110.64,3.52E-05
2024/7/10 22:35,training,234.6,0.599,110.64,4.84E-05
2024/7/10 22:35,training,234.6,0.599,110.64,3.62E-05
2024/7/10 22:35,training,234.6,0.599,110.64,3.80E-05
2024/7/10 22:35,training,234.6,0.599,110.64,3.91E-05
2024/7/10 22:35,training,234.6,0.599,110.64,4.60E-05
2024/7/10 22:35,training,234.6,0.599,110.64,3.62E-05
2024/7/10 22:35,training,234.6,0.599,110.64,3.48E-05
2024/7/10 22:35,training,234.6,0.599,110.64,4.01E-05
2024/7/10 22:35,training,234.6,0.599,110.64,3.52E-05
2024/7/10 22:35,training,234.6,0.599,110.64,3.55E-05
2024/7/10 22:35,training,234.6,0.599,110.64,3.80E-05
2024/7/10 22:35,training,234.6,0.599,110.64,3.62E-05
2024/7/10 22:35,training,234.6,0.599,110.64,3.49E-05
2024/7/10 22:35,training,234.6,0.599,110.64,3.62E-05
2024/7/10 22:36,training,234.6,0.599,110.64,3.63E-05
2024/7/10 22:36,training,234.6,0.599,110.64,3.64E-05
2024/7/10 22:36,training,234.6,0.599,110.64,3.64E-05
2024/7/10 22:36,training,234.6,0.599,110.64,3.40E-05
2024/7/10 22:36,training,234.6,0.599,110.64,3.54E-05
2024/7/10 22:36,training,234.6,0.599,110.64,3.51E-05
2024/7/10 22:36,training,234.6,0.599,110.64,3.91E-05
2024/7/10 22:36,training,234.6,0.599,110.64,3.73E-05
2024/7/10 22:36,training,234.6,0.599,110.64,3.51E-05
2024/7/10 22:36,training,234.6,0.599,110.64,3.71E-05
2024/7/10 22:36,training,234.6,0.599,110.64,3.58E-05
2024/7/10 22:36,training,234.6,0.599,110.64,3.53E-05
2024/7/10 22:36,training,234.6,0.599,110.64,3.97E-05
2024/7/10 22:36,training,234.6,0.599,110.64,3.73E-05
2024/7/10 22:36,training,234.6,0.599,110.64,3.61E-05
2024/7/10 22:36,training,234.6,0.599,110.64,3.79E-05
2024/7/10 22:36,training,234.6,0.599,110.64,3.74E-05
2024/7/10 22:36,training,234.6,0.599,110.64,4.14E-05
2024/7/10 22:36,training,234.6,0.599,110.64,3.45E-05
2024/7/10 22:36,training,234.6,0.599,110.64,3.58E-05
2024/7/10 22:36,training,234.6,0.599,110.64,3.55E-05
2024/7/10 22:36,training,234.6,0.599,110.64,3.50E-05
2024/7/10 22:36,training,234.6,0.599,110.64,3.44E-05
2024/7/10 22:36,training,234.4,0.598,110.49,3.77E-05
2024/7/10 22:36,training,234.4,0.598,110.49,4.25E-05
2024/7/10 22:36,training,234.4,0.598,110.49,3.56E-05
2024/7/10 22:36,training,234.4,0.598,110.49,3.77E-05
2024/7/10 22:36,training,234.4,0.598,110.49,3.78E-05
2024/7/10 22:36,training,234.4,0.598,110.49,4.75E-05
2024/7/10 22:36,training,234.4,0.598,110.49,3.58E-05
2024/7/10 22:36,training,234.4,0.598,110.49,3.93E-05
2024/7/10 22:36,training,234.4,0.598,110.49,4.83E-05
2024/7/10 22:36,training,234.4,0.598,110.49,3.86E-05
2024/7/10 22:36,training,234.4,0.598,110.49,4.22E-05
2024/7/10 22:36,training,234.4,0.598,110.49,3.71E-05
2024/7/10 22:36,training,234.4,0.598,110.49,3.71E-05
2024/7/10 22:36,training,234.4,0.598,110.49,4.17E-05
2024/7/10 22:36,training,234.4,0.598,110.49,3.71E-05
2024/7/10 22:36,training,234.4,0.598,110.49,3.68E-05
2024/7/10 22:36,training,234.4,0.598,110.49,3.89E-05
2024/7/10 22:36,training,234.4,0.598,110.49,3.75E-05
2024/7/10 22:36,training,234.4,0.598,110.49,3.74E-05
2024/7/10 22:36,training,234.4,0.598,110.49,3.43E-05
2024/7/10 22:36,training,234.4,0.598,110.49,3.47E-05
2024/7/10 22:36,training,234.4,0.598,110.49,3.49E-05
2024/7/10 22:36,training,234.4,0.598,110.49,3.35E-05
2024/7/10 22:36,training,234.4,0.598,110.49,3.75E-05
2024/7/10 22:36,training,234.4,0.598,110.49,4.24E-05
2024/7/10 22:36,training,234.4,0.598,110.49,3.96E-05
2024/7/10 22:37,training,234.4,0.598,110.49,3.54E-05
2024/7/10 22:37,training,234.4,0.598,110.49,3.66E-05
2024/7/10 22:37,training,234.4,0.598,110.49,3.60E-05
2024/7/10 22:37,training,234.4,0.598,110.49,3.85E-05
2024/7/10 22:37,training,234.4,0.598,110.49,3.80E-05
2024/7/10 22:37,training,234.4,0.598,110.49,3.69E-05
2024/7/10 22:37,training,234.4,0.598,110.49,3.67E-05
2024/7/10 22:37,training,234.4,0.598,110.49,3.65E-05
2024/7/10 22:37,training,234.4,0.598,110.49,3.51E-05
2024/7/10 22:37,training,234.4,0.598,110.49,3.61E-05
2024/7/10 22:37,training,234.4,0.598,110.49,3.55E-05
2024/7/10 22:37,training,234.4,0.598,110.49,3.60E-05
2024/7/10 22:37,training,234.4,0.598,110.49,3.64E-05
2024/7/10 22:37,training,234.4,0.598,110.49,3.62E-05
2024/7/10 22:37,training,234.4,0.598,110.49,3.74E-05
2024/7/10 22:37,training,234.4,0.598,110.49,3.43E-05
2024/7/10 22:37,training,234.4,0.598,110.49,3.46E-05
2024/7/10 22:37,training,234.4,0.598,110.49,3.54E-05
2024/7/10 22:37,training,234.4,0.598,110.49,3.65E-05
2024/7/10 22:37,training,234.4,0.598,110.49,3.95E-05
2024/7/10 22:37,training,234.4,0.598,110.49,3.60E-05
2024/7/10 22:37,training,234.4,0.598,110.49,3.58E-05
2024/7/10 22:37,training,234.4,0.598,110.49,3.60E-05
2024/7/10 22:37,training,234.4,0.598,110.49,3.52E-05
2024/7/10 22:37,training,234.5,0.655,126.2,3.87E-05
2024/7/10 22:37,training,234.5,0.655,126.2,4.28E-05
2024/7/10 22:37,training,234.5,0.655,126.2,4.24E-05
2024/7/10 22:37,training,234.5,0.655,126.2,3.90E-05
2024/7/10 22:37,training,234.5,0.655,126.2,4.15E-05
2024/7/10 22:37,training,234.5,0.655,126.2,4.26E-05
2024/7/10 22:37,training,234.5,0.655,126.2,4.14E-05
2024/7/10 22:37,training,234.5,0.655,126.2,4.11E-05
2024/7/10 22:37,training,234.5,0.655,126.2,3.99E-05
2024/7/10 22:37,training,234.5,0.655,126.2,3.89E-05
2024/7/10 22:37,training,234.5,0.655,126.2,3.88E-05
2024/7/10 22:37,training,234.5,0.655,126.2,4.13E-05
2024/7/10 22:37,training,234.5,0.655,126.2,3.98E-05
2024/7/10 22:37,training,234.5,0.655,126.2,4.31E-05
2024/7/10 22:37,training,234.5,0.655,126.2,4.10E-05
2024/7/10 22:37,training,234.5,0.655,126.2,4.24E-05
2024/7/10 22:37,training,234.5,0.655,126.2,4.16E-05
2024/7/10 22:37,training,234.5,0.655,126.2,4.18E-05
2024/7/10 22:37,training,234.5,0.655,126.2,3.96E-05
2024/7/10 22:37,training,234.5,0.655,126.2,4.00E-05
2024/7/10 22:37,training,234.5,0.655,126.2,4.30E-05
2024/7/10 22:37,training,234.5,0.655,126.2,4.24E-05
2024/7/10 22:37,training,234.5,0.655,126.2,4.19E-05
2024/7/10 22:37,training,234.5,0.655,126.2,4.08E-05
2024/7/10 22:37,training,234.5,0.655,126.2,3.91E-05
2024/7/10 22:37,training,234.5,0.655,126.2,4.03E-05
2024/7/10 22:37,training,234.5,0.655,126.2,4.13E-05
2024/7/10 22:38,training,234.5,0.655,126.2,4.12E-05
2024/7/10 22:38,training,234.5,0.655,126.2,3.93E-05
2024/7/10 22:38,training,234.5,0.655,126.2,4.56E-05
2024/7/10 22:38,training,234.5,0.655,126.2,4.25E-05
2024/7/10 22:38,training,234.5,0.655,126.2,4.57E-05
2024/7/10 22:38,training,234.5,0.655,126.2,4.11E-05
2024/7/10 22:38,training,234.5,0.655,126.2,4.11E-05
2024/7/10 22:38,training,234.5,0.655,126.2,3.89E-05
2024/7/10 22:38,training,234.5,0.655,126.2,4.19E-05
2024/7/10 22:38,training,234.5,0.655,126.2,3.90E-05
2024/7/10 22:38,training,234.5,0.655,126.2,3.91E-05
2024/7/10 22:38,training,234.5,0.655,126.2,4.24E-05
2024/7/10 22:38,training,234.5,0.655,126.2,4.20E-05
2024/7/10 22:38,training,234.5,0.655,126.2,4.20E-05
2024/7/10 22:38,training,234.5,0.655,126.2,4.06E-05
2024/7/10 22:38,training,234.5,0.655,126.2,3.93E-05
2024/7/10 22:38,training,234.5,0.655,126.2,4.92E-05
2024/7/10 22:38,training,234.5,0.655,126.2,4.20E-05
2024/7/10 22:38,training,234.5,0.655,126.2,3.94E-05
2024/7/10 22:38,training,234.5,0.655,126.2,4.13E-05
2024/7/10 22:38,training,234.5,0.655,126.2,3.93E-05
2024/7/10 22:38,training,234.5,0.655,126.2,3.90E-05
2024/7/10 22:38,training,234.5,0.655,126.2,3.88E-05
2024/7/10 22:38,training,234.5,0.655,126.2,3.90E-05
2024/7/10 22:38,training,234.5,0.655,126.2,4.22E-05
2024/7/10 22:38,training,234.4,0.6,111.13,3.80E-05
2024/7/10 22:38,training,234.4,0.6,111.13,3.57E-05
2024/7/10 22:38,training,234.4,0.6,111.13,3.76E-05
2024/7/10 22:38,training,234.4,0.6,111.13,3.43E-05
2024/7/10 22:38,training,234.4,0.6,111.13,3.68E-05
2024/7/10 22:38,training,234.4,0.6,111.13,3.70E-05
2024/7/10 22:38,training,234.4,0.6,111.13,3.49E-05
2024/7/10 22:38,training,234.4,0.6,111.13,3.42E-05
2024/7/10 22:38,training,234.4,0.6,111.13,3.57E-05
2024/7/10 22:38,training,234.4,0.6,111.13,3.45E-05
2024/7/10 22:38,training,234.4,0.6,111.13,3.47E-05
2024/7/10 22:38,training,234.4,0.6,111.13,3.60E-05
2024/7/10 22:38,training,234.4,0.6,111.13,3.66E-05
2024/7/10 22:38,training,234.4,0.6,111.13,3.70E-05
2024/7/10 22:38,training,234.4,0.6,111.13,3.68E-05
2024/7/10 22:38,training,234.4,0.6,111.13,3.75E-05
2024/7/10 22:38,training,234.4,0.6,111.13,3.74E-05
2024/7/10 22:38,training,234.4,0.6,111.13,3.74E-05
2024/7/10 22:38,training,234.4,0.6,111.13,3.55E-05
2024/7/10 22:38,training,234.4,0.6,111.13,3.75E-05
2024/7/10 22:38,training,234.4,0.6,111.13,3.68E-05
2024/7/10 22:38,training,234.4,0.6,111.13,3.76E-05
2024/7/10 22:38,training,234.4,0.6,111.13,4.75E-05
2024/7/10 22:38,training,234.4,0.6,111.13,3.59E-05
2024/7/10 22:38,training,234.4,0.6,111.13,3.46E-05
2024/7/10 22:38,training,234.4,0.6,111.13,3.62E-05
2024/7/10 22:39,training,234.4,0.6,111.13,3.72E-05
2024/7/10 22:39,training,234.4,0.6,111.13,3.72E-05
2024/7/10 22:39,training,234.4,0.6,111.13,3.45E-05
2024/7/10 22:39,training,234.4,0.6,111.13,3.80E-05
2024/7/10 22:39,training,234.4,0.6,111.13,3.68E-05
2024/7/10 22:39,training,234.4,0.6,111.13,3.61E-05
2024/7/10 22:39,training,234.4,0.6,111.13,3.76E-05
2024/7/10 22:39,training,234.4,0.6,111.13,3.61E-05
2024/7/10 22:39,training,234.4,0.6,111.13,3.47E-05
2024/7/10 22:39,training,234.4,0.6,111.13,3.52E-05
2024/7/10 22:39,training,234.4,0.6,111.13,3.58E-05
2024/7/10 22:39,training,234.4,0.6,111.13,3.74E-05
2024/7/10 22:39,training,234.4,0.6,111.13,3.63E-05
2024/7/10 22:39,training,234.4,0.6,111.13,3.72E-05
2024/7/10 22:39,training,234.4,0.6,111.13,3.77E-05
2024/7/10 22:39,training,234.4,0.6,111.13,3.66E-05
2024/7/10 22:39,training,234.4,0.6,111.13,3.78E-05
2024/7/10 22:39,training,234.4,0.6,111.13,3.75E-05
2024/7/10 22:39,training,234.4,0.6,111.13,3.75E-05
2024/7/10 22:39,training,234.4,0.6,111.13,3.79E-05
2024/7/10 22:39,training,234.4,0.6,111.13,4.27E-05
2024/7/10 22:39,training,234.4,0.6,111.13,3.76E-05
2024/7/10 22:39,training,234.4,0.6,111.13,3.80E-05
2024/7/10 22:39,training,234.4,0.6,111.13,3.77E-05
2024/7/10 22:39,training,234.4,0.6,111.13,5.74E-05
2024/7/10 22:39,training,235,0.598,110.71,3.66E-05
2024/7/10 22:39,training,235,0.598,110.71,3.82E-05
2024/7/10 22:39,training,235,0.598,110.71,4.23E-05
2024/7/10 22:39,training,235,0.598,110.71,4.73E-05
2024/7/10 22:39,training,235,0.598,110.71,3.75E-05
2024/7/10 22:39,training,235,0.598,110.71,4.91E-05
2024/7/10 22:39,training,235,0.598,110.71,3.78E-05
2024/7/10 22:39,training,235,0.598,110.71,8.16E-05
2024/7/10 22:39,training,235,0.598,110.71,3.70E-05
2024/7/10 22:39,training,235,0.598,110.71,3.79E-05
2024/7/10 22:39,training,235,0.598,110.71,4.90E-05
2024/7/10 22:39,training,235,0.598,110.71,3.74E-05
2024/7/10 22:39,training,235,0.598,110.71,3.73E-05
2024/7/10 22:39,training,235,0.598,110.71,3.77E-05
2024/7/10 22:39,training,235,0.598,110.71,3.70E-05
2024/7/10 22:39,training,235,0.598,110.71,3.91E-05
2024/7/10 22:39,training,235,0.598,110.71,3.74E-05
2024/7/10 22:39,training,235,0.598,110.71,3.71E-05
2024/7/10 22:39,training,235,0.598,110.71,4.85E-05
2024/7/10 22:39,training,235,0.598,110.71,3.74E-05
2024/7/10 22:39,training,235,0.598,110.71,3.76E-05
2024/7/10 22:40,training,235,0.598,110.71,3.76E-05
2024/7/10 22:40,training,235,0.598,110.71,3.77E-05
2024/7/10 22:40,training,235,0.598,110.71,3.74E-05
2024/7/10 22:40,training,235,0.598,110.71,3.67E-05
2024/7/10 22:40,training,235,0.598,110.71,3.67E-05
2024/7/10 22:40,training,235,0.598,110.71,3.76E-05
2024/7/10 22:40,training,235,0.598,110.71,3.61E-05
2024/7/10 22:40,training,235,0.598,110.71,4.80E-05
2024/7/10 22:40,training,235,0.598,110.71,3.66E-05
2024/7/10 22:40,training,235,0.598,110.71,3.75E-05
2024/7/10 22:40,training,235,0.598,110.71,4.42E-05
2024/7/10 22:40,training,235,0.598,110.71,4.06E-05
2024/7/10 22:40,training,235,0.598,110.71,3.72E-05
2024/7/10 22:40,training,235,0.598,110.71,3.74E-05
2024/7/10 22:40,training,235,0.598,110.71,3.75E-05
2024/7/10 22:40,training,235,0.598,110.71,3.66E-05
2024/7/10 22:40,training,235,0.598,110.71,3.69E-05
2024/7/10 22:40,training,235,0.598,110.71,3.67E-05
2024/7/10 22:40,training,235,0.598,110.71,3.77E-05
2024/7/10 22:40,training,235,0.598,110.71,3.44E-05
2024/7/10 22:40,training,235,0.598,110.71,3.40E-05
2024/7/10 22:40,training,235,0.598,110.71,3.62E-05
2024/7/10 22:40,training,235,0.598,110.71,3.65E-05
2024/7/10 22:40,training,235,0.598,110.71,3.51E-05
2024/7/10 22:40,training,235,0.598,110.71,3.50E-05
2024/7/10 22:40,training,235,0.598,110.71,3.43E-05
2024/7/10 22:40,training,234.4,0.648,124.48,3.83E-05
2024/7/10 22:40,training,234.4,0.648,124.48,3.80E-05
2024/7/10 22:40,training,234.4,0.648,124.48,3.94E-05
2024/7/10 22:40,training,234.4,0.648,124.48,4.10E-05
2024/7/10 22:40,training,234.4,0.648,124.48,3.83E-05
2024/7/10 22:40,training,234.4,0.648,124.48,3.84E-05
2024/7/10 22:40,training,234.4,0.648,124.48,3.83E-05
2024/7/10 22:40,training,234.4,0.648,124.48,3.86E-05
2024/7/10 22:40,training,234.4,0.648,124.48,4.04E-05
2024/7/10 22:40,training,234.4,0.648,124.48,3.98E-05
2024/7/10 22:40,training,234.4,0.648,124.48,3.87E-05
2024/7/10 22:40,training,234.4,0.648,124.48,3.86E-05
2024/7/10 22:40,training,234.4,0.648,124.48,3.86E-05
2024/7/10 22:40,training,234.4,0.648,124.48,3.84E-05
2024/7/10 22:40,training,234.4,0.648,124.48,3.84E-05
2024/7/10 22:40,training,234.4,0.648,124.48,3.79E-05
2024/7/10 22:40,training,234.4,0.648,124.48,3.89E-05
2024/7/10 22:40,training,234.4,0.648,124.48,3.77E-05
2024/7/10 22:40,training,234.4,0.648,124.48,3.81E-05
2024/7/10 22:40,training,234.4,0.648,124.48,4.10E-05
2024/7/10 22:40,training,234.4,0.648,124.48,4.16E-05
2024/7/10 22:40,training,234.4,0.648,124.48,3.88E-05
2024/7/10 22:40,training,234.4,0.648,124.48,3.86E-05
2024/7/10 22:40,training,234.4,0.648,124.48,3.97E-05
2024/7/10 22:40,training,234.4,0.648,124.48,4.16E-05
2024/7/10 22:41,training,234.4,0.648,124.48,3.89E-05
2024/7/10 22:41,training,234.4,0.648,124.48,3.85E-05
2024/7/10 22:41,training,234.4,0.648,124.48,3.81E-05
2024/7/10 22:41,training,234.4,0.648,124.48,4.03E-05
2024/7/10 22:41,training,234.4,0.648,124.48,3.94E-05
2024/7/10 22:41,training,234.4,0.648,124.48,3.83E-05
2024/7/10 22:41,training,234.4,0.648,124.48,3.92E-05
2024/7/10 22:41,training,234.4,0.648,124.48,3.91E-05
2024/7/10 22:41,training,234.4,0.648,124.48,4.43E-05
2024/7/10 22:41,training,234.4,0.648,124.48,3.81E-05
2024/7/10 22:41,training,234.4,0.648,124.48,3.93E-05
2024/7/10 22:41,training,234.4,0.648,124.48,4.03E-05
2024/7/10 22:41,training,234.4,0.648,124.48,3.84E-05
2024/7/10 22:41,training,234.4,0.648,124.48,4.02E-05
2024/7/10 22:41,training,234.4,0.648,124.48,3.95E-05
2024/7/10 22:41,training,234.4,0.648,124.48,3.84E-05
2024/7/10 22:41,training,234.4,0.648,124.48,3.85E-05
2024/7/10 22:41,training,234.4,0.648,124.48,3.81E-05
2024/7/10 22:41,training,234.4,0.648,124.48,3.86E-05
2024/7/10 22:41,training,234.4,0.648,124.48,4.16E-05
2024/7/10 22:41,training,234.4,0.648,124.48,3.84E-05
2024/7/10 22:41,training,234.4,0.648,124.48,3.82E-05
2024/7/10 22:41,training,234.4,0.648,124.48,4.07E-05
2024/7/10 22:41,training,234.4,0.648,124.48,4.30E-05
2024/7/10 22:41,training,234.4,0.648,124.48,4.16E-05
2024/7/10 22:41,training,234.4,0.648,124.48,3.96E-05
2024/7/10 22:41,training,234.4,0.648,124.48,3.88E-05
2024/7/10 22:41,training,234.4,0.648,124.48,3.80E-05
2024/7/10 22:41,training,234.4,0.648,124.48,3.81E-05
2024/7/10 22:41,training,234.7,0.653,125.7,4.01E-05
2024/7/10 22:41,training,234.7,0.653,125.7,4.18E-05
2024/7/10 22:41,training,234.7,0.653,125.7,4.27E-05
2024/7/10 22:41,training,234.7,0.653,125.7,4.25E-05
2024/7/10 22:41,training,234.7,0.653,125.7,4.19E-05
2024/7/10 22:41,training,234.7,0.653,125.7,3.92E-05
2024/7/10 22:41,training,234.7,0.653,125.7,4.09E-05
2024/7/10 22:41,training,234.7,0.653,125.7,4.15E-05
2024/7/10 22:41,training,234.7,0.653,125.7,4.07E-05
2024/7/10 22:41,training,234.7,0.653,125.7,3.91E-05
2024/7/10 22:41,training,234.7,0.653,125.7,4.11E-05
2024/7/10 22:41,training,234.7,0.653,125.7,4.30E-05
2024/7/10 22:41,training,234.7,0.653,125.7,4.06E-05
2024/7/10 22:41,training,234.7,0.653,125.7,3.98E-05
2024/7/10 22:41,training,234.7,0.653,125.7,3.85E-05
2024/7/10 22:41,training,234.7,0.653,125.7,4.19E-05
2024/7/10 22:41,training,234.7,0.653,125.7,3.97E-05
2024/7/10 22:41,training,234.7,0.653,125.7,4.02E-05
2024/7/10 22:41,training,234.7,0.653,125.7,3.90E-05
2024/7/10 22:41,training,234.7,0.653,125.7,3.92E-05
2024/7/10 22:41,training,234.7,0.653,125.7,3.86E-05
2024/7/10 22:41,training,234.7,0.653,125.7,4.16E-05
2024/7/10 22:41,training,234.7,0.653,125.7,4.02E-05
2024/7/10 22:41,training,234.7,0.653,125.7,3.95E-05
2024/7/10 22:42,training,234.7,0.653,125.7,3.90E-05
2024/7/10 22:42,training,234.7,0.653,125.7,3.90E-05
2024/7/10 22:42,training,234.7,0.653,125.7,3.99E-05
2024/7/10 22:42,training,234.7,0.653,125.7,3.99E-05
2024/7/10 22:42,training,234.7,0.653,125.7,3.86E-05
2024/7/10 22:42,training,234.7,0.653,125.7,4.19E-05
2024/7/10 22:42,training,234.7,0.653,125.7,4.00E-05
2024/7/10 22:42,training,234.7,0.653,125.7,3.88E-05
2024/7/10 22:42,training,234.7,0.653,125.7,4.06E-05
2024/7/10 22:42,training,234.7,0.653,125.7,3.83E-05
2024/7/10 22:42,training,234.7,0.653,125.7,3.90E-05
2024/7/10 22:42,training,234.7,0.653,125.7,4.20E-05
2024/7/10 22:42,training,234.7,0.653,125.7,3.88E-05
2024/7/10 22:42,training,234.7,0.653,125.7,3.97E-05
2024/7/10 22:42,training,234.7,0.653,125.7,3.97E-05
2024/7/10 22:42,training,234.7,0.653,125.7,3.86E-05
2024/7/10 22:42,training,234.7,0.653,125.7,3.83E-05
2024/7/10 22:42,training,234.7,0.653,125.7,3.94E-05
2024/7/10 22:42,training,234.7,0.653,125.7,3.84E-05
2024/7/10 22:42,training,234.7,0.653,125.7,4.13E-05
2024/7/10 22:42,training,234.7,0.653,125.7,4.11E-05
2024/7/10 22:42,training,234.7,0.653,125.7,3.92E-05
2024/7/10 22:42,training,234.7,0.653,125.7,3.96E-05
2024/7/10 22:42,training,234.7,0.653,125.7,3.89E-05
2024/7/10 22:42,training,234.7,0.653,125.7,4.07E-05
2024/7/10 22:42,training,234.7,0.653,125.7,4.01E-05
2024/7/10 22:42,training,234.7,0.653,125.7,3.94E-05
2024/7/10 22:42,training,234.7,0.653,125.7,3.99E-05
2024/7/10 22:42,training,234.7,0.653,125.7,4.20E-05
2024/7/10 22:42,training,235.2,0.652,125.58,3.96E-05
2024/7/10 22:42,training,235.2,0.652,125.58,4.22E-05
2024/7/10 22:42,training,235.2,0.652,125.58,3.99E-05
2024/7/10 22:42,training,235.2,0.652,125.58,4.12E-05
2024/7/10 22:42,training,235.2,0.652,125.58,4.07E-05
2024/7/10 22:42,training,235.2,0.652,125.58,3.95E-05
2024/7/10 22:42,training,235.2,0.652,125.58,4.01E-05
2024/7/10 22:42,training,235.2,0.652,125.58,4.06E-05
2024/7/10 22:42,training,235.2,0.652,125.58,4.16E-05
2024/7/10 22:42,training,235.2,0.652,125.58,3.94E-05
2024/7/10 22:42,training,235.2,0.652,125.58,4.01E-05
2024/7/10 22:42,training,235.2,0.652,125.58,3.95E-05
2024/7/10 22:42,training,235.2,0.652,125.58,3.88E-05
2024/7/10 22:42,training,235.2,0.652,125.58,4.16E-05
2024/7/10 22:42,training,235.2,0.652,125.58,4.14E-05
2024/7/10 22:42,training,235.2,0.652,125.58,4.61E-05
2024/7/10 22:42,training,235.2,0.652,125.58,4.24E-05
2024/7/10 22:42,training,235.2,0.652,125.58,4.61E-05
2024/7/10 22:42,training,235.2,0.652,125.58,4.22E-05
2024/7/10 22:42,training,235.2,0.652,125.58,4.14E-05
2024/7/10 22:42,training,235.2,0.652,125.58,4.23E-05
2024/7/10 22:42,training,235.2,0.652,125.58,4.21E-05
2024/7/10 22:43,training,235.2,0.652,125.58,3.93E-05
2024/7/10 22:43,training,235.2,0.652,125.58,4.19E-05
2024/7/10 22:43,training,235.2,0.652,125.58,4.15E-05
2024/7/10 22:43,training,235.2,0.652,125.58,4.17E-05
2024/7/10 22:43,training,235.2,0.652,125.58,4.47E-05
2024/7/10 22:43,training,235.2,0.652,125.58,4.26E-05
2024/7/10 22:43,training,235.2,0.652,125.58,4.23E-05
2024/7/10 22:43,training,235.2,0.652,125.58,4.23E-05
2024/7/10 22:43,training,235.2,0.652,125.58,3.89E-05
2024/7/10 22:43,training,235.2,0.652,125.58,4.13E-05
2024/7/10 22:43,training,235.2,0.652,125.58,4.02E-05
2024/7/10 22:43,training,235.2,0.652,125.58,3.88E-05
2024/7/10 22:43,training,235.2,0.652,125.58,4.09E-05
2024/7/10 22:43,training,235.2,0.652,125.58,3.85E-05
2024/7/10 22:43,training,235.2,0.652,125.58,3.99E-05
2024/7/10 22:43,training,235.2,0.652,125.58,4.17E-05
2024/7/10 22:43,training,235.2,0.652,125.58,3.87E-05
2024/7/10 22:43,training,235.2,0.652,125.58,3.89E-05
2024/7/10 22:43,training,235.2,0.652,125.58,3.92E-05
2024/7/10 22:43,training,235.2,0.652,125.58,3.87E-05
2024/7/10 22:43,training,235.2,0.652,125.58,4.24E-05
2024/7/10 22:43,training,235.2,0.652,125.58,4.09E-05
2024/7/10 22:43,training,235.2,0.652,125.58,3.98E-05
2024/7/10 22:43,training,235.2,0.652,125.58,4.12E-05
2024/7/10 22:43,training,235.2,0.652,125.58,3.89E-05
2024/7/10 22:43,training,235.2,0.652,125.58,3.89E-05
2024/7/10 22:43,training,235.2,0.652,125.58,4.27E-05
2024/7/10 22:43,training,235.2,0.652,125.58,3.99E-05
2024/7/10 22:43,training,235.2,0.652,125.58,4.21E-05
2024/7/10 22:43,training,235.2,0.652,125.58,4.21E-05
2024/7/10 22:43,training,234.9,0.65,125.07,4.08E-05
2024/7/10 22:43,training,234.9,0.65,125.07,4.14E-05
2024/7/10 22:43,training,234.9,0.65,125.07,4.06E-05
2024/7/10 22:43,training,234.9,0.65,125.07,3.97E-05
2024/7/10 22:43,training,234.9,0.65,125.07,4.03E-05
2024/7/10 22:43,training,234.9,0.65,125.07,4.10E-05
2024/7/10 22:43,training,234.9,0.65,125.07,4.19E-05
2024/7/10 22:43,training,234.9,0.65,125.07,3.98E-05
2024/7/10 22:43,training,234.9,0.65,125.07,4.16E-05
2024/7/10 22:43,training,234.9,0.65,125.07,4.27E-05
2024/7/10 22:43,training,234.9,0.65,125.07,3.84E-05
2024/7/10 22:43,training,234.9,0.65,125.07,4.02E-05
2024/7/10 22:43,training,234.9,0.65,125.07,3.87E-05
2024/7/10 22:43,training,234.9,0.65,125.07,3.94E-05
2024/7/10 22:43,training,234.9,0.65,125.07,4.02E-05
2024/7/10 22:43,training,234.9,0.65,125.07,4.20E-05
2024/7/10 22:43,training,234.9,0.65,125.07,4.13E-05
2024/7/10 22:43,training,234.9,0.65,125.07,3.99E-05
2024/7/10 22:43,training,234.9,0.65,125.07,3.96E-05
2024/7/10 22:43,training,234.9,0.65,125.07,4.07E-05
2024/7/10 22:43,training,234.9,0.65,125.07,3.96E-05
2024/7/10 22:43,training,234.9,0.65,125.07,3.86E-05
2024/7/10 22:44,training,234.9,0.65,125.07,3.97E-05
2024/7/10 22:44,training,234.9,0.65,125.07,4.21E-05
2024/7/10 22:44,training,234.9,0.65,125.07,4.24E-05
2024/7/10 22:44,training,234.9,0.65,125.07,3.93E-05
2024/7/10 22:44,training,234.9,0.65,125.07,3.84E-05
2024/7/10 22:44,training,234.9,0.65,125.07,3.90E-05
2024/7/10 22:44,training,234.9,0.65,125.07,4.14E-05
2024/7/10 22:44,training,234.9,0.65,125.07,4.09E-05
2024/7/10 22:44,training,234.9,0.65,125.07,4.01E-05
2024/7/10 22:44,training,234.9,0.65,125.07,3.90E-05
2024/7/10 22:44,training,234.9,0.65,125.07,4.02E-05
2024/7/10 22:44,training,234.9,0.65,125.07,3.88E-05
2024/7/10 22:44,training,234.9,0.65,125.07,3.93E-05
2024/7/10 22:44,training,234.9,0.65,125.07,4.06E-05
2024/7/10 22:44,training,234.9,0.65,125.07,5.21E-05
2024/7/10 22:44,training,234.9,0.65,125.07,4.14E-05
2024/7/10 22:44,training,234.9,0.65,125.07,3.91E-05
2024/7/10 22:44,training,234.9,0.65,125.07,3.84E-05
2024/7/10 22:44,training,234.9,0.65,125.07,4.23E-05
2024/7/10 22:44,training,234.9,0.65,125.07,4.05E-05
2024/7/10 22:44,training,234.9,0.65,125.07,3.90E-05
2024/7/10 22:44,training,234.9,0.65,125.07,4.14E-05
2024/7/10 22:44,training,234.9,0.65,125.07,4.09E-05
2024/7/10 22:44,training,234.9,0.65,125.07,4.03E-05
2024/7/10 22:44,training,234.9,0.65,125.07,4.00E-05
2024/7/10 22:44,training,234.9,0.65,125.07,3.99E-05
2024/7/10 22:44,training,234.9,0.65,125.07,4.19E-05
2024/7/10 22:44,training,234.9,0.65,125.07,4.81E-05
2024/7/10 22:44,training,234.9,0.65,125.07,4.17E-05
2024/7/10 22:44,training,234.9,0.65,125.07,4.21E-05
2024/7/10 22:44,training,234.4,0.656,126.58,4.17E-05
2024/7/10 22:44,training,234.4,0.656,126.58,4.27E-05
2024/7/10 22:44,training,234.4,0.656,126.58,4.12E-05
2024/7/10 22:44,training,234.4,0.656,126.58,4.07E-05
2024/7/10 22:44,training,234.4,0.656,126.58,4.23E-05
2024/7/10 22:44,training,234.4,0.656,126.58,4.11E-05
2024/7/10 22:44,training,234.4,0.656,126.58,3.91E-05
2024/7/10 22:44,training,234.4,0.656,126.58,4.05E-05
2024/7/10 22:44,training,234.4,0.656,126.58,4.05E-05
2024/7/10 22:44,training,234.4,0.656,126.58,4.13E-05
2024/7/10 22:44,training,234.4,0.656,126.58,4.02E-05
2024/7/10 22:44,training,234.4,0.656,126.58,4.19E-05
2024/7/10 22:44,training,234.4,0.656,126.58,4.64E-05
2024/7/10 22:44,training,234.4,0.656,126.58,4.11E-05
2024/7/10 22:44,training,234.4,0.656,126.58,4.21E-05
2024/7/10 22:44,training,234.4,0.656,126.58,4.36E-05
2024/7/10 22:44,training,234.4,0.656,126.58,3.95E-05
2024/7/10 22:44,training,234.4,0.656,126.58,3.95E-05
2024/7/10 22:44,training,234.4,0.656,126.58,4.07E-05
2024/7/10 22:44,training,234.4,0.656,126.58,4.04E-05
2024/7/10 22:44,training,234.4,0.656,126.58,4.18E-05
2024/7/10 22:45,training,234.4,0.656,126.58,4.08E-05
2024/7/10 22:45,training,234.4,0.656,126.58,3.89E-05
2024/7/10 22:45,training,234.4,0.656,126.58,4.38E-05
2024/7/10 22:45,training,234.4,0.656,126.58,4.12E-05
2024/7/10 22:45,training,234.4,0.656,126.58,4.19E-05
2024/7/10 22:45,training,234.4,0.656,126.58,3.96E-05
2024/7/10 22:45,training,234.4,0.656,126.58,4.27E-05
2024/7/10 22:45,training,234.4,0.656,126.58,4.00E-05
2024/7/10 22:45,training,234.4,0.656,126.58,4.09E-05
2024/7/10 22:45,training,234.4,0.656,126.58,3.90E-05
2024/7/10 22:45,training,234.4,0.656,126.58,4.23E-05
2024/7/10 22:45,training,234.4,0.656,126.58,4.14E-05
2024/7/10 22:45,training,234.4,0.656,126.58,4.13E-05
2024/7/10 22:45,training,234.4,0.656,126.58,4.12E-05
2024/7/10 22:45,training,234.4,0.656,126.58,3.93E-05
2024/7/10 22:45,training,234.4,0.656,126.58,4.02E-05
2024/7/10 22:45,training,234.4,0.656,126.58,4.23E-05
2024/7/10 22:45,training,234.4,0.656,126.58,3.97E-05
2024/7/10 22:45,training,234.4,0.656,126.58,4.06E-05
2024/7/10 22:45,training,234.4,0.656,126.58,4.02E-05
2024/7/10 22:45,training,234.4,0.656,126.58,3.89E-05
2024/7/10 22:45,training,234.4,0.656,126.58,4.00E-05
2024/7/10 22:45,training,234.4,0.656,126.58,4.10E-05
2024/7/10 22:45,training,234.4,0.656,126.58,3.95E-05
2024/7/10 22:45,training,234.4,0.656,126.58,4.20E-05
2024/7/10 22:45,training,234.4,0.656,126.58,4.17E-05
2024/7/10 22:45,training,234.4,0.656,126.58,4.08E-05
2024/7/10 22:45,training,234.4,0.656,126.58,4.15E-05
2024/7/10 22:45,training,234.4,0.656,126.58,3.91E-05
2024/7/10 22:45,training,234.4,0.656,126.58,4.27E-05
2024/7/10 22:45,training,234.4,0.656,126.58,4.22E-05
2024/7/10 22:45,training,234.6,0.653,125.76,4.24E-05
2024/7/10 22:45,training,234.6,0.653,125.76,4.06E-05
2024/7/10 22:45,training,234.6,0.653,125.76,4.06E-05
2024/7/10 22:45,training,234.6,0.653,125.76,4.05E-05
2024/7/10 22:45,training,234.6,0.653,125.76,4.22E-05
2024/7/10 22:45,training,234.6,0.653,125.76,4.00E-05
2024/7/10 22:45,training,234.6,0.653,125.76,4.20E-05
2024/7/10 22:45,training,234.6,0.653,125.76,4.26E-05
2024/7/10 22:45,training,234.6,0.653,125.76,3.85E-05
2024/7/10 22:45,training,234.6,0.653,125.76,4.12E-05
2024/7/10 22:45,training,234.6,0.653,125.76,4.21E-05
2024/7/10 22:45,training,234.6,0.653,125.76,3.92E-05
2024/7/10 22:45,training,234.6,0.653,125.76,4.14E-05
2024/7/10 22:45,training,234.6,0.653,125.76,4.22E-05
2024/7/10 22:45,training,234.6,0.653,125.76,4.24E-05
2024/7/10 22:45,training,234.6,0.653,125.76,4.15E-05
2024/7/10 22:45,training,234.6,0.653,125.76,3.94E-05
2024/7/10 22:45,training,234.6,0.653,125.76,4.12E-05
2024/7/10 22:45,training,234.6,0.653,125.76,4.00E-05
2024/7/10 22:45,training,234.6,0.653,125.76,4.05E-05
2024/7/10 22:46,training,234.6,0.653,125.76,3.93E-05
2024/7/10 22:46,training,234.6,0.653,125.76,4.03E-05
2024/7/10 22:46,training,234.6,0.653,125.76,4.12E-05
2024/7/10 22:46,training,234.6,0.653,125.76,5.39E-05
2024/7/10 22:46,training,234.6,0.653,125.76,4.19E-05
2024/7/10 22:46,training,234.6,0.653,125.76,4.22E-05
2024/7/10 22:46,training,234.6,0.653,125.76,4.29E-05
2024/7/10 22:46,training,234.6,0.653,125.76,5.01E-05
2024/7/10 22:46,training,234.6,0.653,125.76,4.38E-05
2024/7/10 22:46,training,234.6,0.653,125.76,4.19E-05
2024/7/10 22:46,training,234.6,0.653,125.76,4.06E-05
2024/7/10 22:46,training,234.6,0.653,125.76,4.14E-05
2024/7/10 22:46,training,234.6,0.653,125.76,4.22E-05
2024/7/10 22:46,training,234.6,0.653,125.76,4.21E-05
2024/7/10 22:46,training,234.6,0.653,125.76,4.22E-05
2024/7/10 22:46,training,234.6,0.653,125.76,4.29E-05
2024/7/10 22:46,training,234.6,0.653,125.76,4.10E-05
2024/7/10 22:46,training,234.6,0.653,125.76,4.27E-05
2024/7/10 22:46,training,234.6,0.653,125.76,4.05E-05
2024/7/10 22:46,training,234.6,0.653,125.76,4.08E-05
2024/7/10 22:46,training,234.6,0.653,125.76,3.99E-05
2024/7/10 22:46,training,234.6,0.653,125.76,4.13E-05
2024/7/10 22:46,training,234.6,0.653,125.76,3.90E-05
2024/7/10 22:46,training,234.6,0.653,125.76,3.98E-05
2024/7/10 22:46,training,234.6,0.653,125.76,4.17E-05
2024/7/10 22:46,training,234.6,0.653,125.76,3.93E-05
2024/7/10 22:46,training,234.6,0.653,125.76,3.83E-05
2024/7/10 22:46,training,234.6,0.653,125.76,4.15E-05
2024/7/10 22:46,training,234.6,0.653,125.76,3.92E-05
2024/7/10 22:46,training,234.6,0.653,125.76,4.13E-05
2024/7/10 22:46,training,234.6,0.653,125.76,3.92E-05
2024/7/10 22:46,training,234.5,0.602,111.6,3.52E-05
2024/7/10 22:46,training,234.5,0.602,111.6,3.69E-05
2024/7/10 22:46,training,234.5,0.602,111.6,3.75E-05
2024/7/10 22:46,training,234.5,0.602,111.6,3.66E-05
2024/7/10 22:46,training,234.5,0.602,111.6,3.68E-05
2024/7/10 22:46,training,234.5,0.602,111.6,3.50E-05
2024/7/10 22:46,training,234.5,0.602,111.6,3.45E-05
2024/7/10 22:46,training,234.5,0.602,111.6,3.72E-05
2024/7/10 22:46,training,234.5,0.602,111.6,3.70E-05
2024/7/10 22:46,training,234.5,0.602,111.6,3.49E-05
2024/7/10 22:46,training,234.5,0.602,111.6,3.67E-05
2024/7/10 22:46,training,234.5,0.602,111.6,3.66E-05
2024/7/10 22:46,training,234.5,0.602,111.6,3.71E-05
2024/7/10 22:46,training,234.5,0.602,111.6,3.75E-05
2024/7/10 22:46,training,234.5,0.602,111.6,3.68E-05
2024/7/10 22:46,training,234.5,0.602,111.6,3.44E-05
2024/7/10 22:46,training,234.5,0.602,111.6,3.46E-05
2024/7/10 22:46,training,234.5,0.602,111.6,3.61E-05
2024/7/10 22:46,training,234.5,0.602,111.6,3.70E-05
2024/7/10 22:46,training,234.5,0.602,111.6,3.50E-05
2024/7/10 22:47,training,234.5,0.602,111.6,3.47E-05
2024/7/10 22:47,training,234.5,0.602,111.6,3.72E-05
2024/7/10 22:47,training,234.5,0.602,111.6,3.68E-05
2024/7/10 22:47,training,234.5,0.602,111.6,3.63E-05
2024/7/10 22:47,training,234.5,0.602,111.6,3.59E-05
2024/7/10 22:47,training,234.5,0.602,111.6,3.64E-05
2024/7/10 22:47,training,234.5,0.602,111.6,3.81E-05
2024/7/10 22:47,training,234.5,0.602,111.6,3.71E-05
2024/7/10 22:47,training,234.5,0.602,111.6,3.77E-05
2024/7/10 22:47,training,234.5,0.602,111.6,4.17E-05
2024/7/10 22:47,training,234.5,0.602,111.6,3.79E-05
2024/7/10 22:47,training,234.5,0.602,111.6,3.80E-05
2024/7/10 22:47,training,234.5,0.602,111.6,4.00E-05
2024/7/10 22:47,training,234.5,0.602,111.6,3.82E-05
2024/7/10 22:47,training,234.5,0.602,111.6,3.73E-05
2024/7/10 22:47,training,234.5,0.602,111.6,3.66E-05
2024/7/10 22:47,training,234.5,0.602,111.6,3.60E-05
2024/7/10 22:47,training,234.5,0.602,111.6,3.93E-05
2024/7/10 22:47,training,234.5,0.602,111.6,3.93E-05
2024/7/10 22:47,training,234.5,0.602,111.6,3.78E-05
2024/7/10 22:47,training,234.5,0.602,111.6,3.68E-05
2024/7/10 22:47,training,234.5,0.602,111.6,3.81E-05
2024/7/10 22:47,training,234.5,0.602,111.6,3.82E-05
2024/7/10 22:47,training,234.5,0.602,111.6,3.65E-05
2024/7/10 22:47,training,234.5,0.602,111.6,3.47E-05
2024/7/10 22:47,training,234.5,0.602,111.6,3.67E-05
2024/7/10 22:47,training,234.5,0.602,111.6,3.99E-05
2024/7/10 22:47,training,234.5,0.602,111.6,3.79E-05
2024/7/10 22:47,training,234.5,0.602,111.6,3.77E-05
2024/7/10 22:47,training,234.5,0.602,111.6,3.78E-05
2024/7/10 22:47,training,234.5,0.602,111.6,3.56E-05
2024/7/10 22:47,training,235,0.585,106.69,3.35E-05
2024/7/10 22:47,training,235,0.585,106.69,3.63E-05
2024/7/10 22:47,training,235,0.585,106.69,3.62E-05
2024/7/10 22:47,training,235,0.585,106.69,6.63E-05
2024/7/10 22:47,training,235,0.585,106.69,6.60E-05
2024/7/10 22:47,training,235,0.585,106.69,3.80E-05
2024/7/10 22:47,training,235,0.585,106.69,4.11E-05
2024/7/10 22:47,training,235,0.585,106.69,3.59E-05
2024/7/10 22:47,training,235,0.585,106.69,3.43E-05
2024/7/10 22:47,training,235,0.585,106.69,3.60E-05
2024/7/10 22:47,training,235,0.585,106.69,3.60E-05
2024/7/10 22:47,training,235,0.585,106.69,3.90E-05
2024/7/10 22:47,training,235,0.585,106.69,3.66E-05
2024/7/10 22:47,training,235,0.585,106.69,3.50E-05
2024/7/10 22:47,training,235,0.585,106.69,3.35E-05
2024/7/10 22:47,training,235,0.585,106.69,3.62E-05
2024/7/10 22:47,training,235,0.585,106.69,3.58E-05
2024/7/10 22:48,training,235,0.585,106.69,4.71E-05
2024/7/10 22:48,training,235,0.585,106.69,3.51E-05
2024/7/10 22:48,training,235,0.585,106.69,4.74E-05
2024/7/10 22:48,training,235,0.585,106.69,3.67E-05
2024/7/10 22:48,training,235,0.585,106.69,3.59E-05
2024/7/10 22:48,training,235,0.585,106.69,3.45E-05
2024/7/10 22:48,training,235,0.585,106.69,3.49E-05
2024/7/10 22:48,training,235,0.585,106.69,3.59E-05
2024/7/10 22:48,training,235,0.585,106.69,3.62E-05
2024/7/10 22:48,training,235,0.585,106.69,3.44E-05
2024/7/10 22:48,training,235,0.585,106.69,4.73E-05
2024/7/10 22:48,training,235,0.585,106.69,4.61E-05
2024/7/10 22:48,training,235,0.585,106.69,4.94E-05
2024/7/10 22:48,training,235,0.585,106.69,3.63E-05
2024/7/10 22:48,training,235,0.585,106.69,3.61E-05
2024/7/10 22:48,training,235,0.585,106.69,3.82E-05
2024/7/10 22:48,training,235,0.585,106.69,4.63E-05
2024/7/10 22:48,training,235,0.585,106.69,5.01E-05
2024/7/10 22:48,training,235,0.585,106.69,3.59E-05
2024/7/10 22:48,training,235,0.585,106.69,3.59E-05
2024/7/10 22:48,training,235,0.585,106.69,3.61E-05
2024/7/10 22:48,training,235,0.585,106.69,3.58E-05
2024/7/10 22:48,training,235,0.585,106.69,4.70E-05
2024/7/10 22:48,training,235,0.585,106.69,3.61E-05
2024/7/10 22:48,training,235,0.585,106.69,3.59E-05
2024/7/10 22:48,training,235,0.585,106.69,3.59E-05
2024/7/10 22:48,training,235,0.585,106.69,4.66E-05
2024/7/10 22:48,training,235,0.585,106.69,7.16E-05
2024/7/10 22:48,training,235.3,0.603,111.8,5.09E-05
2024/7/10 22:48,training,235.3,0.603,111.8,4.06E-05
2024/7/10 22:48,training,235.3,0.603,111.8,3.74E-05
2024/7/10 22:48,training,235.3,0.603,111.8,3.75E-05
2024/7/10 22:48,training,235.3,0.603,111.8,6.76E-05
2024/7/10 22:48,training,235.3,0.603,111.8,4.23E-05
2024/7/10 22:48,training,235.3,0.603,111.8,4.23E-05
2024/7/10 22:48,training,235.3,0.603,111.8,3.79E-05
2024/7/10 22:48,training,235.3,0.603,111.8,3.95E-05
2024/7/10 22:48,training,235.3,0.603,111.8,3.81E-05
2024/7/10 22:48,training,235.3,0.603,111.8,4.95E-05
2024/7/10 22:48,training,235.3,0.603,111.8,4.11E-05
2024/7/10 22:48,training,235.3,0.603,111.8,3.80E-05
2024/7/10 22:48,training,235.3,0.603,111.8,4.91E-05
2024/7/10 22:48,training,235.3,0.603,111.8,4.36E-05
2024/7/10 22:49,training,235.3,0.603,111.8,3.74E-05
2024/7/10 22:49,training,235.3,0.603,111.8,3.86E-05
2024/7/10 22:49,training,235.3,0.603,111.8,3.84E-05
2024/7/10 22:49,training,235.3,0.603,111.8,3.78E-05
2024/7/10 22:49,training,235.3,0.603,111.8,3.87E-05
2024/7/10 22:49,training,235.3,0.603,111.8,3.81E-05
2024/7/10 22:49,training,235.3,0.603,111.8,4.92E-05
2024/7/10 22:49,training,235.3,0.603,111.8,6.80E-05
2024/7/10 22:49,training,235.3,0.603,111.8,4.92E-05
2024/7/10 22:49,training,235.3,0.603,111.8,3.75E-05
2024/7/10 22:49,training,235.3,0.603,111.8,6.95E-05
2024/7/10 22:49,training,235.3,0.603,111.8,3.86E-05
2024/7/10 22:49,training,235.3,0.603,111.8,9.97E-05
2024/7/10 22:49,training,235.3,0.603,111.8,4.94E-05
2024/7/10 22:49,training,235.3,0.603,111.8,4.89E-05
2024/7/10 22:49,training,235.3,0.603,111.8,3.77E-05
2024/7/10 22:49,training,235.3,0.603,111.8,4.88E-05
2024/7/10 22:49,training,235.3,0.603,111.8,3.84E-05
2024/7/10 22:49,training,235.3,0.603,111.8,5.12E-05
2024/7/10 22:49,training,235.3,0.603,111.8,3.81E-05
2024/7/10 22:49,training,235.3,0.603,111.8,3.76E-05
2024/7/10 22:49,training,235.3,0.603,111.8,3.79E-05
2024/7/10 22:49,training,235.3,0.603,111.8,3.79E-05
2024/7/10 22:49,training,235.3,0.603,111.8,3.77E-05
2024/7/10 22:49,training,235.3,0.603,111.8,3.80E-05
2024/7/10 22:49,training,235.3,0.603,111.8,3.80E-05
2024/7/10 22:49,training,235.3,0.603,111.8,4.17E-05
2024/7/10 22:49,training,235.5,0.602,111.94,5.24E-05
2024/7/10 22:49,training,235.5,0.602,111.94,3.75E-05
2024/7/10 22:49,training,235.5,0.602,111.94,3.77E-05
2024/7/10 22:49,training,235.5,0.602,111.94,3.80E-05
2024/7/10 22:49,training,235.5,0.602,111.94,4.30E-05
2024/7/10 22:49,training,235.5,0.602,111.94,5.82E-05
2024/7/10 22:49,training,235.5,0.602,111.94,4.12E-05
2024/7/10 22:49,training,235.5,0.602,111.94,3.76E-05
2024/7/10 22:49,training,235.5,0.602,111.94,3.81E-05
2024/7/10 22:49,training,235.5,0.602,111.94,3.83E-05
2024/7/10 22:49,training,235.5,0.602,111.94,3.84E-05
2024/7/10 22:49,training,235.5,0.602,111.94,3.81E-05
2024/7/10 22:49,training,235.5,0.602,111.94,4.30E-05
2024/7/10 22:49,training,235.5,0.602,111.94,3.79E-05
2024/7/10 22:49,training,235.5,0.602,111.94,4.25E-05
2024/7/10 22:50,training,235.5,0.602,111.94,3.80E-05
2024/7/10 22:50,training,235.5,0.602,111.94,4.91E-05
2024/7/10 22:50,training,235.5,0.602,111.94,3.80E-05
2024/7/10 22:50,training,235.5,0.602,111.94,4.25E-05
2024/7/10 22:50,training,235.5,0.602,111.94,4.15E-05
2024/7/10 22:50,training,235.5,0.602,111.94,4.94E-05
2024/7/10 22:50,training,235.5,0.602,111.94,4.94E-05
2024/7/10 22:50,training,235.5,0.602,111.94,4.27E-05
2024/7/10 22:50,training,235.5,0.602,111.94,4.00E-05
2024/7/10 22:50,training,235.5,0.602,111.94,3.80E-05
2024/7/10 22:50,training,235.5,0.602,111.94,4.99E-05
2024/7/10 22:50,training,235.5,0.602,111.94,5.43E-05
2024/7/10 22:50,training,235.5,0.602,111.94,3.82E-05
2024/7/10 22:50,training,235.5,0.602,111.94,3.82E-05
2024/7/10 22:50,training,235.5,0.602,111.94,3.83E-05
2024/7/10 22:50,training,235.5,0.602,111.94,3.81E-05
2024/7/10 22:50,training,235.5,0.602,111.94,4.89E-05
2024/7/10 22:50,training,235.5,0.602,111.94,3.78E-05
2024/7/10 22:50,training,235.5,0.602,111.94,3.82E-05
2024/7/10 22:50,training,235.5,0.602,111.94,3.81E-05
2024/7/10 22:50,training,235.5,0.602,111.94,3.79E-05
2024/7/10 22:50,training,235.5,0.602,111.94,4.06E-05
2024/7/10 22:50,training,235.5,0.602,111.94,3.82E-05
2024/7/10 22:50,training,235.5,0.602,111.94,3.84E-05
2024/7/10 22:50,training,235.5,0.602,111.94,3.81E-05
2024/7/10 22:50,training,235.5,0.602,111.94,6.95E-05
2024/7/10 22:50,training,235.5,0.602,111.94,4.02E-05
2024/7/10 22:50,training,235.5,0.602,111.94,3.78E-05
2024/7/10 22:50,training,235.5,0.602,111.94,4.27E-05
2024/7/10 22:50,training,235.5,0.602,111.94,3.80E-05
2024/7/10 22:50,training,235.4,0.602,111.63,4.01E-05
2024/7/10 22:50,training,235.4,0.602,111.63,3.78E-05
2024/7/10 22:50,training,235.4,0.602,111.63,3.80E-05
2024/7/10 22:50,training,235.4,0.602,111.63,5.31E-05
2024/7/10 22:50,training,235.4,0.602,111.63,4.96E-05
2024/7/10 22:50,training,235.4,0.602,111.63,4.89E-05
2024/7/10 22:50,training,235.4,0.602,111.63,3.84E-05
2024/7/10 22:50,training,235.4,0.602,111.63,3.82E-05
2024/7/10 22:50,training,235.4,0.602,111.63,3.78E-05
2024/7/10 22:50,training,235.4,0.602,111.63,3.82E-05
2024/7/10 22:50,training,235.4,0.602,111.63,3.81E-05
2024/7/10 22:50,training,235.4,0.602,111.63,3.85E-05
2024/7/10 22:50,training,235.4,0.602,111.63,3.78E-05
2024/7/10 22:50,training,235.4,0.602,111.63,3.83E-05
2024/7/10 22:50,training,235.4,0.602,111.63,3.80E-05
2024/7/10 22:51,training,235.4,0.602,111.63,3.86E-05
2024/7/10 22:51,training,235.4,0.602,111.63,4.01E-05
2024/7/10 22:51,training,235.4,0.602,111.63,3.81E-05
2024/7/10 22:51,training,235.4,0.602,111.63,3.79E-05
2024/7/10 22:51,training,235.4,0.602,111.63,0.000194719
2024/7/10 22:51,training,235.4,0.602,111.63,4.02E-05
2024/7/10 22:51,training,235.4,0.602,111.63,3.80E-05
2024/7/10 22:51,training,235.4,0.602,111.63,4.15E-05
2024/7/10 22:51,training,235.4,0.602,111.63,6.07E-05
2024/7/10 22:51,training,235.4,0.602,111.63,3.76E-05
2024/7/10 22:51,training,235.4,0.602,111.63,4.33E-05
2024/7/10 22:51,training,235.4,0.602,111.63,3.82E-05
2024/7/10 22:51,training,235.4,0.602,111.63,3.84E-05
2024/7/10 22:51,training,235.4,0.602,111.63,4.10E-05
2024/7/10 22:51,training,235.4,0.602,111.63,5.08E-05
2024/7/10 22:51,training,235.4,0.602,111.63,4.09E-05
2024/7/10 22:51,training,235.4,0.602,111.63,3.78E-05
2024/7/10 22:51,training,235.4,0.602,111.63,3.79E-05
2024/7/10 22:51,training,235.4,0.602,111.63,3.76E-05
2024/7/10 22:51,training,235.4,0.602,111.63,4.88E-05
2024/7/10 22:51,training,235.4,0.602,111.63,4.73E-05
2024/7/10 22:51,training,235.4,0.602,111.63,3.93E-05
2024/7/10 22:51,training,235.4,0.602,111.63,5.71E-05
2024/7/10 22:51,training,235.4,0.602,111.63,6.92E-05
2024/7/10 22:51,training,235.4,0.602,111.63,3.79E-05
2024/7/10 22:51,training,235.4,0.602,111.63,3.88E-05
2024/7/10 22:51,training,235,0.655,125.95,4.43E-05
2024/7/10 22:51,training,235,0.655,125.95,4.28E-05
2024/7/10 22:51,training,235,0.655,125.95,5.58E-05
2024/7/10 22:51,training,235,0.655,125.95,7.84E-05
2024/7/10 22:51,training,235,0.655,125.95,7.87E-05
2024/7/10 22:51,training,235,0.655,125.95,4.26E-05
2024/7/10 22:51,training,235,0.655,125.95,4.26E-05
2024/7/10 22:51,training,235,0.655,125.95,4.30E-05
2024/7/10 22:51,training,235,0.655,125.95,4.32E-05
2024/7/10 22:51,training,235,0.655,125.95,4.28E-05
2024/7/10 22:51,training,235,0.655,125.95,4.27E-05
2024/7/10 22:51,training,235,0.655,125.95,4.48E-05
2024/7/10 22:51,training,235,0.655,125.95,4.30E-05
2024/7/10 22:52,training,235,0.655,125.95,4.24E-05
2024/7/10 22:52,training,235,0.655,125.95,4.35E-05
2024/7/10 22:52,training,235,0.655,125.95,4.26E-05
2024/7/10 22:52,training,235,0.655,125.95,4.29E-05
2024/7/10 22:52,training,235,0.655,125.95,4.47E-05
2024/7/10 22:52,training,235,0.655,125.95,5.57E-05
2024/7/10 22:52,training,235,0.655,125.95,4.25E-05
2024/7/10 22:52,training,235,0.655,125.95,4.26E-05
2024/7/10 22:52,training,235,0.655,125.95,4.29E-05
2024/7/10 22:52,training,235,0.655,125.95,4.30E-05
2024/7/10 22:52,training,235,0.655,125.95,5.49E-05
2024/7/10 22:52,training,235,0.655,125.95,5.42E-05
2024/7/10 22:52,training,235,0.655,125.95,4.30E-05
2024/7/10 22:52,training,235,0.655,125.95,4.25E-05
2024/7/10 22:52,training,235,0.655,125.95,5.55E-05
2024/7/10 22:52,training,235,0.655,125.95,4.28E-05
2024/7/10 22:52,training,235,0.655,125.95,5.43E-05
2024/7/10 22:52,training,235,0.655,125.95,4.86E-05
2024/7/10 22:52,training,235,0.655,125.95,4.32E-05
2024/7/10 22:52,training,235,0.655,125.95,5.95E-05
2024/7/10 22:52,training,235,0.655,125.95,5.58E-05
2024/7/10 22:52,training,235,0.655,125.95,4.27E-05
2024/7/10 22:52,training,235,0.655,125.95,4.85E-05
2024/7/10 22:52,training,235,0.655,125.95,5.58E-05
2024/7/10 22:52,training,235,0.655,125.95,4.25E-05
2024/7/10 22:52,training,235,0.655,125.95,4.30E-05
2024/7/10 22:52,training,235,0.655,125.95,6.50E-05
2024/7/10 22:52,training,235,0.655,125.95,7.32E-05
2024/7/10 22:52,training,235,0.655,125.95,4.26E-05
2024/7/10 22:52,training,235,0.655,125.95,4.27E-05
2024/7/10 22:52,training,236,0.655,126.67,5.59E-05
2024/7/10 22:52,training,236,0.655,126.67,4.61E-05
2024/7/10 22:52,training,236,0.655,126.67,4.36E-05
2024/7/10 22:52,training,236,0.655,126.67,4.43E-05
2024/7/10 22:52,training,236,0.655,126.67,4.29E-05
2024/7/10 22:52,training,236,0.655,126.67,6.50E-05
2024/7/10 22:52,training,236,0.655,126.67,6.50E-05
2024/7/10 22:52,training,236,0.655,126.67,4.23E-05
2024/7/10 22:52,training,236,0.655,126.67,5.58E-05
2024/7/10 22:52,training,236,0.655,126.67,4.31E-05
2024/7/10 22:52,training,236,0.655,126.67,4.31E-05
2024/7/10 22:52,training,236,0.655,126.67,4.72E-05
2024/7/10 22:52,training,236,0.655,126.67,5.09E-05
2024/7/10 22:52,training,236,0.655,126.67,4.31E-05
2024/7/10 22:53,training,236,0.655,126.67,4.55E-05
2024/7/10 22:53,training,236,0.655,126.67,5.86E-05
2024/7/10 22:53,training,236,0.655,126.67,4.29E-05
2024/7/10 22:53,training,236,0.655,126.67,4.30E-05
2024/7/10 22:53,training,236,0.655,126.67,8.26E-05
2024/7/10 22:53,training,236,0.655,126.67,4.41E-05
2024/7/10 22:53,training,236,0.655,126.67,4.33E-05
2024/7/10 22:53,training,236,0.655,126.67,5.57E-05
2024/7/10 22:53,training,236,0.655,126.67,4.25E-05
2024/7/10 22:53,training,236,0.655,126.67,6.53E-05
2024/7/10 22:53,training,236,0.655,126.67,4.26E-05
2024/7/10 22:53,training,236,0.655,126.67,4.83E-05
2024/7/10 22:53,training,236,0.655,126.67,4.25E-05
2024/7/10 22:53,training,236,0.655,126.67,4.31E-05
2024/7/10 22:53,training,236,0.655,126.67,4.31E-05
2024/7/10 22:53,training,236,0.655,126.67,4.86E-05
2024/7/10 22:53,training,236,0.655,126.67,5.59E-05
2024/7/10 22:53,training,236,0.655,126.67,4.33E-05
2024/7/10 22:53,training,236,0.655,126.67,4.28E-05
2024/7/10 22:53,training,236,0.655,126.67,4.26E-05
2024/7/10 22:53,training,236,0.655,126.67,7.49E-05
2024/7/10 22:53,training,236,0.655,126.67,4.31E-05
2024/7/10 22:53,training,236,0.655,126.67,4.31E-05
2024/7/10 22:53,training,236,0.655,126.67,4.28E-05
2024/7/10 22:53,training,236,0.655,126.67,4.26E-05
2024/7/10 22:53,training,236,0.655,126.67,4.29E-05
2024/7/10 22:53,training,236,0.655,126.67,4.26E-05
2024/7/10 22:53,training,236,0.655,126.67,4.28E-05
2024/7/10 22:53,training,236,0.655,126.67,4.53E-05
2024/7/10 22:53,training,236,0.655,126.67,4.54E-05
2024/7/10 22:53,training,236,0.655,126.67,4.34E-05
2024/7/10 22:53,training,235.7,0.653,125.88,5.57E-05
2024/7/10 22:53,training,235.7,0.653,125.88,4.23E-05
2024/7/10 22:53,training,235.7,0.653,125.88,8.54E-05
2024/7/10 22:53,training,235.7,0.653,125.88,4.29E-05
2024/7/10 22:53,training,235.7,0.653,125.88,4.26E-05
2024/7/10 22:53,training,235.7,0.653,125.88,4.25E-05
2024/7/10 22:53,training,235.7,0.653,125.88,5.50E-05
2024/7/10 22:53,training,235.7,0.653,125.88,7.84E-05
2024/7/10 22:53,training,235.7,0.653,125.88,4.25E-05
2024/7/10 22:53,training,235.7,0.653,125.88,4.30E-05
2024/7/10 22:53,training,235.7,0.653,125.88,4.24E-05
2024/7/10 22:53,training,235.7,0.653,125.88,4.53E-05
2024/7/10 22:54,training,235.7,0.653,125.88,5.52E-05
2024/7/10 22:54,training,235.7,0.653,125.88,4.33E-05
2024/7/10 22:54,training,235.7,0.653,125.88,5.57E-05
2024/7/10 22:54,training,235.7,0.653,125.88,4.26E-05
2024/7/10 22:54,training,235.7,0.653,125.88,7.83E-05
2024/7/10 22:54,training,235.7,0.653,125.88,5.57E-05
2024/7/10 22:54,training,235.7,0.653,125.88,4.30E-05
2024/7/10 22:54,training,235.7,0.653,125.88,4.34E-05
2024/7/10 22:54,training,235.7,0.653,125.88,4.33E-05
2024/7/10 22:54,training,235.7,0.653,125.88,5.41E-05
2024/7/10 22:54,training,235.7,0.653,125.88,4.28E-05
2024/7/10 22:54,training,235.7,0.653,125.88,4.29E-05
2024/7/10 22:54,training,235.7,0.653,125.88,4.27E-05
2024/7/10 22:54,training,235.7,0.653,125.88,5.57E-05
2024/7/10 22:54,training,235.7,0.653,125.88,4.29E-05
2024/7/10 22:54,training,235.7,0.653,125.88,5.84E-05
2024/7/10 22:54,training,235.7,0.653,125.88,4.31E-05
2024/7/10 22:54,training,235.7,0.653,125.88,4.33E-05
2024/7/10 22:54,training,235.7,0.653,125.88,4.25E-05
2024/7/10 22:54,training,235.7,0.653,125.88,5.57E-05
2024/7/10 22:54,training,235.7,0.653,125.88,4.29E-05
2024/7/10 22:54,training,235.7,0.653,125.88,4.23E-05
2024/7/10 22:54,training,235.7,0.653,125.88,5.52E-05
2024/7/10 22:54,training,235.7,0.653,125.88,4.81E-05
2024/7/10 22:54,training,235.7,0.653,125.88,4.28E-05
2024/7/10 22:54,training,235.7,0.653,125.88,4.24E-05
2024/7/10 22:54,training,235.7,0.653,125.88,4.27E-05
2024/7/10 22:54,training,235.7,0.653,125.88,4.24E-05
2024/7/10 22:54,training,235.7,0.653,125.88,4.52E-05
2024/7/10 22:54,training,235.7,0.653,125.88,4.24E-05
2024/7/10 22:54,training,235.7,0.653,125.88,4.28E-05
2024/7/10 22:54,training,235.7,0.653,125.88,5.55E-05
2024/7/10 22:54,training,235.6,0.599,110.96,3.76E-05
2024/7/10 22:54,training,235.6,0.599,110.96,3.78E-05
2024/7/10 22:54,training,235.6,0.599,110.96,3.69E-05
2024/7/10 22:54,training,235.6,0.599,110.96,3.74E-05
2024/7/10 22:54,training,235.6,0.599,110.96,3.71E-05
2024/7/10 22:54,training,235.6,0.599,110.96,3.75E-05
2024/7/10 22:54,training,235.6,0.599,110.96,3.54E-05
2024/7/10 22:54,training,235.6,0.599,110.96,3.59E-05
2024/7/10 22:54,training,235.6,0.599,110.96,3.69E-05
2024/7/10 22:54,training,235.6,0.599,110.96,3.56E-05
2024/7/10 22:54,training,235.6,0.599,110.96,4.68E-05
2024/7/10 22:54,training,235.6,0.599,110.96,4.58E-05
2024/7/10 22:54,training,235.6,0.599,110.96,3.64E-05
2024/7/10 22:55,training,235.6,0.599,110.96,3.77E-05
2024/7/10 22:55,training,235.6,0.599,110.96,3.64E-05
2024/7/10 22:55,training,235.6,0.599,110.96,3.67E-05
2024/7/10 22:55,training,235.6,0.599,110.96,3.67E-05
2024/7/10 22:55,training,235.6,0.599,110.96,3.75E-05
2024/7/10 22:55,training,235.6,0.599,110.96,3.64E-05
2024/7/10 22:55,training,235.6,0.599,110.96,3.72E-05
2024/7/10 22:55,training,235.6,0.599,110.96,4.23E-05
2024/7/10 22:55,training,235.6,0.599,110.96,3.80E-05
2024/7/10 22:55,training,235.6,0.599,110.96,3.96E-05
2024/7/10 22:55,training,235.6,0.599,110.96,3.76E-05
2024/7/10 22:55,training,235.6,0.599,110.96,3.80E-05
2024/7/10 22:55,training,235.6,0.599,110.96,3.73E-05
2024/7/10 22:55,training,235.6,0.599,110.96,3.59E-05
2024/7/10 22:55,training,235.6,0.599,110.96,3.73E-05
2024/7/10 22:55,training,235.6,0.599,110.96,3.80E-05
2024/7/10 22:55,training,235.6,0.599,110.96,3.59E-05
2024/7/10 22:55,training,235.6,0.599,110.96,3.97E-05
2024/7/10 22:55,training,235.6,0.599,110.96,3.76E-05
2024/7/10 22:55,training,235.6,0.599,110.96,3.74E-05
2024/7/10 22:55,training,235.6,0.599,110.96,3.78E-05
2024/7/10 22:55,training,235.6,0.599,110.96,3.81E-05
2024/7/10 22:55,training,235.6,0.599,110.96,3.77E-05
2024/7/10 22:55,training,235.6,0.599,110.96,3.93E-05
2024/7/10 22:55,training,235.6,0.599,110.96,3.77E-05
2024/7/10 22:55,training,235.6,0.599,110.96,3.77E-05
2024/7/10 22:55,training,235.6,0.599,110.96,5.05E-05
2024/7/10 22:55,training,235.6,0.599,110.96,4.01E-05
2024/7/10 22:55,training,235.6,0.599,110.96,3.92E-05
2024/7/10 22:55,training,235.6,0.599,110.96,3.80E-05
2024/7/10 22:55,training,235.6,0.599,110.96,3.75E-05
2024/7/10 22:55,training,235.6,0.599,110.96,3.78E-05
2024/7/10 22:55,training,235.6,0.599,110.96,3.71E-05
2024/7/10 22:55,training,235.6,0.599,110.96,4.85E-05
2024/7/10 22:55,training,235.6,0.599,110.96,3.77E-05
2024/7/10 22:55,training,235.7,0.603,111.62,3.80E-05
2024/7/10 22:55,training,235.7,0.603,111.62,3.80E-05
2024/7/10 22:55,training,235.7,0.603,111.62,3.82E-05
2024/7/10 22:55,training,235.7,0.603,111.62,3.80E-05
2024/7/10 22:55,training,235.7,0.603,111.62,3.86E-05
2024/7/10 22:55,training,235.7,0.603,111.62,3.97E-05
2024/7/10 22:55,training,235.7,0.603,111.62,4.88E-05
2024/7/10 22:55,training,235.7,0.603,111.62,3.80E-05
2024/7/10 22:55,training,235.7,0.603,111.62,3.76E-05
2024/7/10 22:55,training,235.7,0.603,111.62,3.76E-05
2024/7/10 22:55,training,235.7,0.603,111.62,4.89E-05
2024/7/10 22:55,training,235.7,0.603,111.62,3.77E-05
2024/7/10 22:56,training,235.7,0.603,111.62,3.85E-05
2024/7/10 22:56,training,235.7,0.603,111.62,3.78E-05
2024/7/10 22:56,training,235.7,0.603,111.62,3.67E-05
2024/7/10 22:56,training,235.7,0.603,111.62,3.76E-05
2024/7/10 22:56,training,235.7,0.603,111.62,3.84E-05
2024/7/10 22:56,training,235.7,0.603,111.62,3.79E-05
2024/7/10 22:56,training,235.7,0.603,111.62,3.80E-05
2024/7/10 22:56,training,235.7,0.603,111.62,3.84E-05
2024/7/10 22:56,training,235.7,0.603,111.62,3.81E-05
2024/7/10 22:56,training,235.7,0.603,111.62,3.68E-05
2024/7/10 22:56,training,235.7,0.603,111.62,3.74E-05
2024/7/10 22:56,training,235.7,0.603,111.62,3.76E-05
2024/7/10 22:56,training,235.7,0.603,111.62,3.69E-05
2024/7/10 22:56,training,235.7,0.603,111.62,3.99E-05
2024/7/10 22:56,training,235.7,0.603,111.62,4.01E-05
2024/7/10 22:56,training,235.7,0.603,111.62,3.79E-05
2024/7/10 22:56,training,235.7,0.603,111.62,4.09E-05
2024/7/10 22:56,training,235.7,0.603,111.62,3.75E-05
2024/7/10 22:56,training,235.7,0.603,111.62,3.79E-05
2024/7/10 22:56,training,235.7,0.603,111.62,3.77E-05
2024/7/10 22:56,training,235.7,0.603,111.62,4.10E-05
2024/7/10 22:56,training,235.7,0.603,111.62,3.77E-05
2024/7/10 22:56,training,235.7,0.603,111.62,3.75E-05
2024/7/10 22:56,training,235.7,0.603,111.62,3.82E-05
2024/7/10 22:56,training,235.7,0.603,111.62,3.69E-05
2024/7/10 22:56,training,235.7,0.603,111.62,3.83E-05
2024/7/10 22:56,training,235.7,0.603,111.62,3.65E-05
2024/7/10 22:56,training,235.7,0.603,111.62,3.75E-05
2024/7/10 22:56,training,235.7,0.603,111.62,3.78E-05
2024/7/10 22:56,training,235.7,0.603,111.62,3.84E-05
2024/7/10 22:56,training,235.7,0.603,111.62,3.79E-05
2024/7/10 22:56,training,235.7,0.603,111.62,3.81E-05
2024/7/10 22:56,training,235.7,0.603,111.62,3.78E-05
2024/7/10 22:56,training,235.7,0.603,111.62,4.90E-05
2024/7/10 22:56,training,235.7,0.603,111.62,4.94E-05
2024/7/10 22:56,training,235.7,0.603,111.62,3.69E-05
2024/7/10 22:56,training,235.7,0.603,111.62,3.70E-05
2024/7/10 22:56,training,235.9,0.652,125.78,4.21E-05
2024/7/10 22:56,training,235.9,0.652,125.78,4.17E-05
2024/7/10 22:56,training,235.9,0.652,125.78,4.19E-05
2024/7/10 22:56,training,235.9,0.652,125.78,4.21E-05
2024/7/10 22:56,training,235.9,0.652,125.78,4.22E-05
2024/7/10 22:56,training,235.9,0.652,125.78,4.21E-05
2024/7/10 22:56,training,235.9,0.652,125.78,4.25E-05
2024/7/10 22:56,training,235.9,0.652,125.78,4.25E-05
2024/7/10 22:56,training,235.9,0.652,125.78,4.27E-05
2024/7/10 22:56,training,235.9,0.652,125.78,4.26E-05
2024/7/10 22:56,training,235.9,0.652,125.78,4.14E-05
2024/7/10 22:56,training,235.9,0.652,125.78,4.17E-05
2024/7/10 22:57,training,235.9,0.652,125.78,4.02E-05
2024/7/10 22:57,training,235.9,0.652,125.78,4.24E-05
2024/7/10 22:57,training,235.9,0.652,125.78,4.19E-05
2024/7/10 22:57,training,235.9,0.652,125.78,4.15E-05
2024/7/10 22:57,training,235.9,0.652,125.78,4.27E-05
2024/7/10 22:57,training,235.9,0.652,125.78,4.10E-05
2024/7/10 22:57,training,235.9,0.652,125.78,4.21E-05
2024/7/10 22:57,training,235.9,0.652,125.78,4.23E-05
2024/7/10 22:57,training,235.9,0.652,125.78,4.19E-05
2024/7/10 22:57,training,235.9,0.652,125.78,4.20E-05
2024/7/10 22:57,training,235.9,0.652,125.78,4.12E-05
2024/7/10 22:57,training,235.9,0.652,125.78,3.94E-05
2024/7/10 22:57,training,235.9,0.652,125.78,4.25E-05
2024/7/10 22:57,training,235.9,0.652,125.78,4.09E-05
2024/7/10 22:57,training,235.9,0.652,125.78,4.30E-05
2024/7/10 22:57,training,235.9,0.652,125.78,5.52E-05
2024/7/10 22:57,training,235.9,0.652,125.78,4.20E-05
2024/7/10 22:57,training,235.9,0.652,125.78,3.97E-05
2024/7/10 22:57,training,235.9,0.652,125.78,4.27E-05
2024/7/10 22:57,training,235.9,0.652,125.78,4.18E-05
2024/7/10 22:57,training,235.9,0.652,125.78,4.20E-05
2024/7/10 22:57,training,235.9,0.652,125.78,4.17E-05
2024/7/10 22:57,training,235.9,0.652,125.78,4.30E-05
2024/7/10 22:57,training,235.9,0.652,125.78,4.16E-05
2024/7/10 22:57,training,235.9,0.652,125.78,4.07E-05
2024/7/10 22:57,training,235.9,0.652,125.78,4.16E-05
2024/7/10 22:57,training,235.9,0.652,125.78,4.17E-05
2024/7/10 22:57,training,235.9,0.652,125.78,4.25E-05
2024/7/10 22:57,training,235.9,0.652,125.78,4.04E-05
2024/7/10 22:57,training,235.9,0.652,125.78,4.58E-05
2024/7/10 22:57,training,235.9,0.652,125.78,4.17E-05
2024/7/10 22:57,training,235.9,0.652,125.78,3.91E-05
2024/7/10 22:57,training,235.9,0.652,125.78,4.24E-05
2024/7/10 22:57,training,235.9,0.652,125.78,4.09E-05
2024/7/10 22:57,training,235.9,0.652,125.78,0.000111917
2024/7/10 22:57,training,235.9,0.652,125.78,4.34E-05
2024/7/10 22:57,training,235.9,0.652,125.78,4.14E-05
2024/7/10 22:57,training,236.5,0.514,82.93,2.80E-05
2024/7/10 22:57,training,236.5,0.514,82.93,3.57E-05
2024/7/10 22:57,training,236.5,0.514,82.93,2.78E-05
2024/7/10 22:57,training,236.5,0.514,82.93,2.70E-05
2024/7/10 22:57,training,236.5,0.514,82.93,2.72E-05
2024/7/10 22:57,training,236.5,0.514,82.93,2.74E-05
2024/7/10 22:57,training,236.5,0.514,82.93,2.67E-05
2024/7/10 22:57,training,236.5,0.514,82.93,2.74E-05
2024/7/10 22:57,training,236.5,0.514,82.93,2.93E-05
2024/7/10 22:57,training,236.5,0.514,82.93,2.71E-05
2024/7/10 22:57,training,236.5,0.514,82.93,2.57E-05
2024/7/10 22:58,training,236.5,0.514,82.93,2.78E-05
2024/7/10 22:58,training,236.5,0.514,82.93,2.63E-05
2024/7/10 22:58,training,236.5,0.514,82.93,3.03E-05
2024/7/10 22:58,training,236.5,0.514,82.93,2.87E-05
2024/7/10 22:58,training,236.5,0.514,82.93,2.76E-05
2024/7/10 22:58,training,236.5,0.514,82.93,2.65E-05
2024/7/10 22:58,training,236.5,0.514,82.93,2.70E-05
2024/7/10 22:58,training,236.5,0.514,82.93,3.60E-05
2024/7/10 22:58,training,236.5,0.514,82.93,2.69E-05
2024/7/10 22:58,training,236.5,0.514,82.93,2.67E-05
2024/7/10 22:58,training,236.5,0.514,82.93,2.70E-05
2024/7/10 22:58,training,236.5,0.514,82.93,2.82E-05
2024/7/10 22:58,training,236.5,0.514,82.93,2.80E-05
2024/7/10 22:58,training,236.5,0.514,82.93,2.70E-05
2024/7/10 22:58,training,236.5,0.514,82.93,2.71E-05
2024/7/10 22:58,training,236.5,0.514,82.93,2.76E-05
2024/7/10 22:58,training,236.5,0.514,82.93,2.69E-05
2024/7/10 22:58,training,236.5,0.514,82.93,3.60E-05
2024/7/10 22:58,training,236.5,0.514,82.93,2.88E-05
2024/7/10 22:58,training,236.5,0.514,82.93,2.83E-05
2024/7/10 22:58,training,236.5,0.514,82.93,2.82E-05
2024/7/10 22:58,training,236.5,0.514,82.93,2.74E-05
2024/7/10 22:58,training,236.5,0.514,82.93,2.75E-05
2024/7/10 22:58,training,236.5,0.514,82.93,2.79E-05
2024/7/10 22:58,training,236.5,0.514,82.93,2.78E-05
2024/7/10 22:58,training,236.5,0.514,82.93,2.74E-05
2024/7/10 22:58,training,236.5,0.514,82.93,2.76E-05
2024/7/10 22:58,training,236.5,0.514,82.93,2.82E-05
2024/7/10 22:58,training,236.5,0.514,82.93,2.77E-05
2024/7/10 22:58,training,236.5,0.514,82.93,3.62E-05
2024/7/10 22:58,training,236.5,0.514,82.93,2.79E-05
2024/7/10 22:58,training,236.5,0.514,82.93,2.78E-05
2024/7/10 22:58,training,236.5,0.514,82.93,2.73E-05
2024/7/10 22:58,training,236.5,0.514,82.93,2.79E-05
2024/7/10 22:58,training,236.5,0.514,82.93,2.87E-05
2024/7/10 22:58,training,236.5,0.514,82.93,2.65E-05
2024/7/10 22:58,training,236.5,0.514,82.93,2.94E-05
2024/7/10 22:58,training,236.5,0.514,82.93,2.82E-05
